state_id,trajectory_type,t,uav_x,uav_y,uav_z,num_users,coverage_percentage,mean_path_gain_db,user_id,user_x,user_y,received_power_dbm,shortest_delay_sec
1,toward_cluster,0,-21.51,30.96,21.05,22,69.22,-77.78,user_1,26.29,2.35,-52.49,1.9693206354531867e-07
1,toward_cluster,0,-21.51,30.96,21.05,22,69.22,-77.78,user_2,15.99,-10.83,-54.18,1.9831939823689027e-07
1,toward_cluster,0,-21.51,30.96,21.05,22,69.22,-77.78,user_3,30.19,-19.14,-55.5,2.488374946096883e-07
1,toward_cluster,0,-21.51,30.96,21.05,22,69.22,-77.78,user_4,21.61,-15.24,-64.62,3.518861717566324e-07
1,toward_cluster,0,-21.51,30.96,21.05,22,69.22,-77.78,user_5,19.54,-8.26,-53.08,2.0029165170853958e-07
1,toward_cluster,0,-21.51,30.96,21.05,22,69.22,-77.78,user_6,8.07,-17.06,-48.28,1.991100759823894e-07
1,toward_cluster,0,-21.51,30.96,21.05,22,69.22,-77.78,user_7,-37.09,53.24,-37.94,1.1169851887871118e-07
1,toward_cluster,0,-21.51,30.96,21.05,22,69.22,-77.78,user_8,-26.61,53.75,-38.41,1.0159185137581517e-07
1,toward_cluster,0,-21.51,30.96,21.05,22,69.22,-77.78,user_9,-25.42,54.93,-38.63,1.0399774197367151e-07
1,toward_cluster,0,-21.51,30.96,21.05,22,69.22,-77.78,user_10,-34.07,57.61,-39.77,1.179411341922787e-07
1,toward_cluster,0,-21.51,30.96,21.05,22,69.22,-77.78,user_11,19.72,32.27,-44.28,1.52268682995782e-07
1,toward_cluster,0,-21.51,30.96,21.05,22,69.22,-77.78,user_12,21.66,41.33,-56.2,1.6181772366508085e-07
1,toward_cluster,0,-21.51,30.96,21.05,22,69.22,-77.78,user_13,21.08,42.76,-55.79,1.6119638246436807e-07
1,toward_cluster,0,-21.51,30.96,21.05,22,69.22,-77.78,user_14,14.73,37.24,-38.55,1.3893969708078657e-07
1,toward_cluster,0,-21.51,30.96,21.05,22,69.22,-77.78,user_15,15.68,28.8,-38.91,1.4033356876552716e-07
1,toward_cluster,0,-21.51,30.96,21.05,22,69.22,-77.78,user_16,21.86,35.22,-44.51,1.5932032226828596e-07
1,toward_cluster,0,-21.51,30.96,21.05,22,69.22,-77.78,user_17,64.53,30.2,-200.0,
1,toward_cluster,0,-21.51,30.96,21.05,22,69.22,-77.78,user_18,51.67,35.26,-55.26,2.530695439872943e-07
1,toward_cluster,0,-21.51,30.96,21.05,22,69.22,-77.78,user_19,58.51,39.7,-200.0,
1,toward_cluster,0,-21.51,30.96,21.05,22,69.22,-77.78,user_20,47.9,39.6,-200.0,
1,toward_cluster,0,-21.51,30.96,21.05,22,69.22,-77.78,user_21,50.24,21.87,-55.72,2.4990367819555104e-07
1,toward_cluster,0,-21.51,30.96,21.05,22,69.22,-77.78,user_22,45.46,35.47,-54.66,2.3319741160321428e-07
1,toward_cluster,1,-6.62,29.15,21.05,22,75.03,-78.18,user_1,26.29,2.35,-44.68,1.5586799406719365e-07
1,toward_cluster,1,-6.62,29.15,21.05,22,75.03,-78.18,user_2,15.99,-10.83,-45.11,1.665087978608426e-07
1,toward_cluster,1,-6.62,29.15,21.05,22,75.03,-78.18,user_3,30.19,-19.14,-44.6,2.1277891448789887e-07
1,toward_cluster,1,-6.62,29.15,21.05,22,75.03,-78.18,user_4,21.61,-15.24,-45.7,1.872007118208785e-07
1,toward_cluster,1,-6.62,29.15,21.05,22,75.03,-78.18,user_5,19.54,-8.26,-43.84,1.6564592897339026e-07
1,toward_cluster,1,-6.62,29.15,21.05,22,75.03,-78.18,user_6,8.07,-17.06,-45.05,1.743925395203405e-07
1,toward_cluster,1,-6.62,29.15,21.05,22,75.03,-78.18,user_7,-37.09,53.24,-46.02,1.4505059198199888e-07
1,toward_cluster,1,-6.62,29.15,21.05,22,75.03,-78.18,user_8,-26.61,53.75,-44.84,1.24225749686957e-07
1,toward_cluster,1,-6.62,29.15,21.05,22,75.03,-78.18,user_9,-25.42,54.93,-44.57,1.2481943656439398e-07
1,toward_cluster,1,-6.62,29.15,21.05,22,75.03,-78.18,user_10,-34.07,57.61,-46.9,1.4713454277170968e-07
1,toward_cluster,1,-6.62,29.15,21.05,22,75.03,-78.18,user_11,19.72,32.27,-38.36,1.0991088572609442e-07
1,toward_cluster,1,-6.62,29.15,21.05,22,75.03,-78.18,user_12,21.66,41.33,-47.7,1.216623530808647e-07
1,toward_cluster,1,-6.62,29.15,21.05,22,75.03,-78.18,user_13,21.08,42.76,-47.22,1.2186390563329041e-07
1,toward_cluster,1,-6.62,29.15,21.05,22,75.03,-78.18,user_14,14.73,37.24,-32.62,1.0026211327840429e-07
1,toward_cluster,1,-6.62,29.15,21.05,22,75.03,-78.18,user_15,15.68,28.8,-32.89,9.892944774492207e-08
1,toward_cluster,1,-6.62,29.15,21.05,22,75.03,-78.18,user_16,21.86,35.22,-38.52,1.1699295043854363e-07
1,toward_cluster,1,-6.62,29.15,21.05,22,75.03,-78.18,user_17,64.53,30.2,-55.54,2.461519272856094e-07
1,toward_cluster,1,-6.62,29.15,21.05,22,75.03,-78.18,user_18,51.67,35.26,-47.32,2.060891262090081e-07
1,toward_cluster,1,-6.62,29.15,21.05,22,75.03,-78.18,user_19,58.51,39.7,-67.46,2.295401202445646e-07
1,toward_cluster,1,-6.62,29.15,21.05,22,75.03,-78.18,user_20,47.9,39.6,-65.02,1.9631700354239e-07
1,toward_cluster,1,-6.62,29.15,21.05,22,75.03,-78.18,user_21,50.24,21.87,-47.52,2.0202696759952232e-07
1,toward_cluster,1,-6.62,29.15,21.05,22,75.03,-78.18,user_22,45.46,35.47,-46.27,1.8675034141324431e-07
1,toward_cluster,2,3.87,27.87,21.05,22,76.73,-78.2,user_1,26.29,2.35,-45.21,1.3073540117147786e-07
1,toward_cluster,2,3.87,27.87,21.05,22,76.73,-78.2,user_2,15.99,-10.83,-43.47,1.501700523931504e-07
1,toward_cluster,2,3.87,27.87,21.05,22,76.73,-78.2,user_3,30.19,-19.14,-44.74,1.9117862848361256e-07
1,toward_cluster,2,3.87,27.87,21.05,22,76.73,-78.2,user_4,21.61,-15.24,-44.77,1.6861928031630669e-07
1,toward_cluster,2,3.87,27.87,21.05,22,76.73,-78.2,user_5,19.54,-8.26,-43.1,1.466593033683239e-07
1,toward_cluster,2,3.87,27.87,21.05,22,76.73,-78.2,user_6,8.07,-17.06,-45.64,1.6404257507929287e-07
1,toward_cluster,2,3.87,27.87,21.05,22,76.73,-78.2,user_7,-37.09,53.24,-48.34,1.7343924696433533e-07
1,toward_cluster,2,3.87,27.87,21.05,22,76.73,-78.2,user_8,-26.61,53.75,-46.66,1.4846439455595828e-07
1,toward_cluster,2,3.87,27.87,21.05,22,76.73,-78.2,user_9,-25.42,54.93,-46.61,1.4813963389315177e-07
1,toward_cluster,2,3.87,27.87,21.05,22,76.73,-78.2,user_10,-34.07,57.61,-48.03,1.735211014874949e-07
1,toward_cluster,2,3.87,27.87,21.05,22,76.73,-78.2,user_11,19.72,32.27,-37.18,8.522447814129919e-08
1,toward_cluster,2,3.87,27.87,21.05,22,76.73,-78.2,user_12,21.66,41.33,-41.71,9.894312569258545e-08
1,toward_cluster,2,3.87,27.87,21.05,22,76.73,-78.2,user_13,21.08,42.76,-43.78,1.000747005264202e-07
1,toward_cluster,2,3.87,27.87,21.05,22,76.73,-78.2,user_14,14.73,37.24,-32.23,8.088078828905054e-08
1,toward_cluster,2,3.87,27.87,21.05,22,76.73,-78.2,user_15,15.68,28.8,-32.33,7.62501102258284e-08
1,toward_cluster,2,3.87,27.87,21.05,22,76.73,-78.2,user_16,21.86,35.22,-39.1,9.194911143595164e-08
1,toward_cluster,2,3.87,27.87,21.05,22,76.73,-78.2,user_17,64.53,30.2,-54.29,2.1273091022067092e-07
1,toward_cluster,2,3.87,27.87,21.05,22,76.73,-78.2,user_18,51.67,35.26,-46.76,1.7401865193278354e-07
1,toward_cluster,2,3.87,27.87,21.05,22,76.73,-78.2,user_19,58.51,39.7,-64.24,1.975555932176576e-07
1,toward_cluster,2,3.87,27.87,21.05,22,76.73,-78.2,user_20,47.9,39.6,-61.55,1.653898351605676e-07
1,toward_cluster,2,3.87,27.87,21.05,22,76.73,-78.2,user_21,50.24,21.87,-48.44,1.6904755284485873e-07
1,toward_cluster,2,3.87,27.87,21.05,22,76.73,-78.2,user_22,45.46,35.47,-45.97,1.5537393949216494e-07
1,toward_cluster,3,10.17,27.11,21.05,22,76.46,-78.47,user_1,26.29,2.35,-46.8,1.1817373035682976e-07
1,toward_cluster,3,10.17,27.11,21.05,22,76.46,-78.47,user_2,15.99,-10.83,-42.56,1.4368517042839812e-07
1,toward_cluster,3,10.17,27.11,21.05,22,76.46,-78.47,user_3,30.19,-19.14,-49.98,1.8031184367828246e-07
1,toward_cluster,3,10.17,27.11,21.05,22,76.46,-78.47,user_4,21.61,-15.24,-44.87,1.602010257784059e-07
1,toward_cluster,3,10.17,27.11,21.05,22,76.46,-78.47,user_5,19.54,-8.26,-43.14,1.3838031520663208e-07
1,toward_cluster,3,10.17,27.11,21.05,22,76.46,-78.47,user_6,8.07,-17.06,-45.52,1.6127405899624137e-07
1,toward_cluster,3,10.17,27.11,21.05,22,76.46,-78.47,user_7,-37.09,53.24,-48.68,1.9157404551606305e-07
1,toward_cluster,3,10.17,27.11,21.05,22,76.46,-78.47,user_8,-26.61,53.75,-46.96,1.6492577969984268e-07
1,toward_cluster,3,10.17,27.11,21.05,22,76.46,-78.47,user_9,-25.42,54.93,-47.27,1.641868436763616e-07
1,toward_cluster,3,10.17,27.11,21.05,22,76.46,-78.47,user_10,-34.07,57.61,-48.49,1.9073419821324933e-07
1,toward_cluster,3,10.17,27.11,21.05,22,76.46,-78.47,user_11,19.72,32.27,-37.37,7.458947237637403e-08
1,toward_cluster,3,10.17,27.11,21.05,22,76.46,-78.47,user_12,21.66,41.33,-42.74,8.928252270834491e-08
1,toward_cluster,3,10.17,27.11,21.05,22,76.46,-78.47,user_13,21.08,42.76,-44.41,9.11157016503239e-08
1,toward_cluster,3,10.17,27.11,21.05,22,76.46,-78.47,user_14,14.73,37.24,-32.16,7.50046851294428e-08
1,toward_cluster,3,10.17,27.11,21.05,22,76.46,-78.47,user_15,15.68,28.8,-32.08,6.798644136551957e-08
1,toward_cluster,3,10.17,27.11,21.05,22,76.46,-78.47,user_16,21.86,35.22,-38.93,8.065292433911964e-08
1,toward_cluster,3,10.17,27.11,21.05,22,76.46,-78.47,user_17,64.53,30.2,-53.46,1.929707877934561e-07
1,toward_cluster,3,10.17,27.11,21.05,22,76.46,-78.47,user_18,51.67,35.26,-46.1,1.5541633047178038e-07
1,toward_cluster,3,10.17,27.11,21.05,22,76.46,-78.47,user_19,58.51,39.7,-62.29,1.7893049175654596e-07
1,toward_cluster,3,10.17,27.11,21.05,22,76.46,-78.47,user_20,47.9,39.6,-59.49,1.4774123258121108e-07
1,toward_cluster,3,10.17,27.11,21.05,22,76.46,-78.47,user_21,50.24,21.87,-46.67,1.4974258988331712e-07
1,toward_cluster,3,10.17,27.11,21.05,22,76.46,-78.47,user_22,45.46,35.47,-45.25,1.3742986482156994e-07
1,toward_cluster,4,13.95,26.65,21.05,22,75.45,-78.91,user_1,26.29,2.35,-48.22,1.1187920279098762e-07
1,toward_cluster,4,13.95,26.65,21.05,22,75.45,-78.91,user_2,15.99,-10.83,-42.17,1.4116952229414892e-07
1,toward_cluster,4,13.95,26.65,21.05,22,75.45,-78.91,user_3,30.19,-19.14,-51.71,1.7468902058226377e-07
1,toward_cluster,4,13.95,26.65,21.05,22,75.45,-78.91,user_4,21.61,-15.24,-56.28,1.563006719607074e-07
1,toward_cluster,4,13.95,26.65,21.05,22,75.45,-78.91,user_5,19.54,-8.26,-51.17,1.3475982996169478e-07
1,toward_cluster,4,13.95,26.65,21.05,22,75.45,-78.91,user_6,8.07,-17.06,-43.43,1.6091972554477252e-07
1,toward_cluster,4,13.95,26.65,21.05,22,75.45,-78.91,user_7,-37.09,53.24,-49.18,2.027430952011855e-07
1,toward_cluster,4,13.95,26.65,21.05,22,75.45,-78.91,user_8,-26.61,53.75,-47.06,1.7529502827073884e-07
1,toward_cluster,4,13.95,26.65,21.05,22,75.45,-78.91,user_9,-25.42,54.93,-46.59,1.7434773269542347e-07
1,toward_cluster,4,13.95,26.65,21.05,22,75.45,-78.91,user_10,-34.07,57.61,-48.58,2.0143085066592903e-07
1,toward_cluster,4,13.95,26.65,21.05,22,75.45,-78.91,user_11,19.72,32.27,-39.38,7.052965855791626e-08
1,toward_cluster,4,13.95,26.65,21.05,22,75.45,-78.91,user_12,21.66,41.33,-44.91,8.550887997671452e-08
1,toward_cluster,4,13.95,26.65,21.05,22,75.45,-78.91,user_13,21.08,42.76,-47.62,8.778323490332696e-08
1,toward_cluster,4,13.95,26.65,21.05,22,75.45,-78.91,user_14,14.73,37.24,-31.55,7.421025571829887e-08
1,toward_cluster,4,13.95,26.65,21.05,22,75.45,-78.91,user_15,15.68,28.8,-31.95,6.585824507965299e-08
1,toward_cluster,4,13.95,26.65,21.05,22,75.45,-78.91,user_16,21.86,35.22,-40.12,7.593368422931235e-08
1,toward_cluster,4,13.95,26.65,21.05,22,75.45,-78.91,user_17,64.53,30.2,-52.93,1.8126810630292312e-07
1,toward_cluster,4,13.95,26.65,21.05,22,75.45,-78.91,user_18,51.67,35.26,-45.67,1.445965835955576e-07
1,toward_cluster,4,13.95,26.65,21.05,22,75.45,-78.91,user_19,58.51,39.7,-61.13,1.6804807501102914e-07
1,toward_cluster,4,13.95,26.65,21.05,22,75.45,-78.91,user_20,47.9,39.6,-58.29,1.3763337847194634e-07
1,toward_cluster,4,13.95,26.65,21.05,22,75.45,-78.91,user_21,50.24,21.87,-46.13,1.3841965085248376e-07
1,toward_cluster,4,13.95,26.65,21.05,22,75.45,-78.91,user_22,45.46,35.47,-44.81,1.271432807925521e-07
1,toward_cluster,5,16.22,26.37,21.05,22,66.98,-77.98,user_1,26.29,2.35,-36.54,1.0862968480296331e-07
1,toward_cluster,5,16.22,26.37,21.05,22,66.98,-77.98,user_2,15.99,-10.83,-80.24,1.401801057454577e-07
1,toward_cluster,5,16.22,26.37,21.05,22,66.98,-77.98,user_3,30.19,-19.14,-37.93,1.716647943794669e-07
1,toward_cluster,5,16.22,26.37,21.05,22,66.98,-77.98,user_4,21.61,-15.24,-39.26,1.5440258493981673e-07
1,toward_cluster,5,16.22,26.37,21.05,22,66.98,-77.98,user_5,19.54,-8.26,-37.88,1.331109586999446e-07
1,toward_cluster,5,16.22,26.37,21.05,22,66.98,-77.98,user_6,8.07,-17.06,-64.35,1.6117704149110068e-07
1,toward_cluster,5,16.22,26.37,21.05,22,66.98,-77.98,user_7,-37.09,53.24,-56.3,2.0953973489667987e-07
1,toward_cluster,5,16.22,26.37,21.05,22,66.98,-77.98,user_8,-26.61,53.75,-50.91,1.8167077087127836e-07
1,toward_cluster,5,16.22,26.37,21.05,22,66.98,-77.98,user_9,-25.42,54.93,-50.56,1.8061088269405445e-07
1,toward_cluster,5,16.22,26.37,21.05,22,66.98,-77.98,user_10,-34.07,57.61,-51.75,2.079692080769746e-07
1,toward_cluster,5,16.22,26.37,21.05,22,66.98,-77.98,user_11,19.72,32.27,-33.36,6.910997285558551e-08
1,toward_cluster,5,16.22,26.37,21.05,22,66.98,-77.98,user_12,21.66,41.33,-33.94,8.409505625195379e-08
1,toward_cluster,5,16.22,26.37,21.05,22,66.98,-77.98,user_13,21.08,42.76,-34.04,8.662743766763015e-08
1,toward_cluster,5,16.22,26.37,21.05,22,66.98,-77.98,user_14,14.73,37.24,-44.93,7.477934360622385e-08
1,toward_cluster,5,16.22,26.37,21.05,22,66.98,-77.98,user_15,15.68,28.8,-45.79,6.573827704414725e-08
1,toward_cluster,5,16.22,26.37,21.05,22,66.98,-77.98,user_16,21.86,35.22,-33.63,7.401325063938202e-08
1,toward_cluster,5,16.22,26.37,21.05,22,66.98,-77.98,user_17,64.53,30.2,-46.33,1.7430845389299066e-07
1,toward_cluster,5,16.22,26.37,21.05,22,66.98,-77.98,user_18,51.67,35.26,-40.42,1.382556433782156e-07
1,toward_cluster,5,16.22,26.37,21.05,22,66.98,-77.98,user_19,58.51,39.7,-53.81,1.616439107010592e-07
1,toward_cluster,5,16.22,26.37,21.05,22,66.98,-77.98,user_20,47.9,39.6,-52.19,1.3178348012843344e-07
1,toward_cluster,5,16.22,26.37,21.05,22,66.98,-77.98,user_21,50.24,21.87,-40.74,1.3173936963539745e-07
1,toward_cluster,5,16.22,26.37,21.05,22,66.98,-77.98,user_22,45.46,35.47,-39.85,1.2118938741423335e-07
1,toward_cluster,6,17.58,26.21,21.05,22,68.68,-78.03,user_1,26.29,2.35,-36.57,1.0691579888089109e-07
1,toward_cluster,6,17.58,26.21,21.05,22,68.68,-78.03,user_2,15.99,-10.83,-63.56,1.3980641710986674e-07
1,toward_cluster,6,17.58,26.21,21.05,22,68.68,-78.03,user_3,30.19,-19.14,-37.93,1.700142036042962e-07
1,toward_cluster,6,17.58,26.21,21.05,22,68.68,-78.03,user_4,21.61,-15.24,-39.27,1.534592541929669e-07
1,toward_cluster,6,17.58,26.21,21.05,22,68.68,-78.03,user_5,19.54,-8.26,-37.93,1.323465710356686e-07
1,toward_cluster,6,17.58,26.21,21.05,22,68.68,-78.03,user_6,8.07,-17.06,-63.14,1.615268558907701e-07
1,toward_cluster,6,17.58,26.21,21.05,22,68.68,-78.03,user_7,-37.09,53.24,-56.38,2.1362775726174732e-07
1,toward_cluster,6,17.58,26.21,21.05,22,68.68,-78.03,user_8,-26.61,53.75,-50.77,1.8552310621089418e-07
1,toward_cluster,6,17.58,26.21,21.05,22,68.68,-78.03,user_9,-25.42,54.93,-50.58,1.843991270789047e-07
1,toward_cluster,6,17.58,26.21,21.05,22,68.68,-78.03,user_10,-34.07,57.61,-51.75,2.1190865595599462e-07
1,toward_cluster,6,17.58,26.21,21.05,22,68.68,-78.03,user_11,19.72,32.27,-33.63,6.864500079473146e-08
1,toward_cluster,6,17.58,26.21,21.05,22,68.68,-78.03,user_12,21.66,41.33,-34.09,8.355520009217798e-08
1,toward_cluster,6,17.58,26.21,21.05,22,68.68,-78.03,user_13,21.08,42.76,-34.19,8.623485570069533e-08
1,toward_cluster,6,17.58,26.21,21.05,22,68.68,-78.03,user_14,14.73,37.24,-44.43,7.547589575551683e-08
1,toward_cluster,6,17.58,26.21,21.05,22,68.68,-78.03,user_15,15.68,28.8,-43.66,6.608615166214804e-08
1,toward_cluster,6,17.58,26.21,21.05,22,68.68,-78.03,user_16,21.86,35.22,-33.72,7.320960548895528e-08
1,toward_cluster,6,17.58,26.21,21.05,22,68.68,-78.03,user_17,64.53,30.2,-46.25,1.7016428444094345e-07
1,toward_cluster,6,17.58,26.21,21.05,22,68.68,-78.03,user_18,51.67,35.26,-40.37,1.3451497693495185e-07
1,toward_cluster,6,17.58,26.21,21.05,22,68.68,-78.03,user_19,58.51,39.7,-53.61,1.57851872018e-07
1,toward_cluster,6,17.58,26.21,21.05,22,68.68,-78.03,user_20,47.9,39.6,-51.95,1.2835923257625836e-07
1,toward_cluster,6,17.58,26.21,21.05,22,68.68,-78.03,user_21,50.24,21.87,-40.63,1.27790912074488e-07
1,toward_cluster,6,17.58,26.21,21.05,22,68.68,-78.03,user_22,45.46,35.47,-39.76,1.1770816854550503e-07
1,toward_cluster,7,18.39,26.11,21.05,22,69.22,-77.88,user_1,26.29,2.35,-36.59,1.059637142475367e-07
1,toward_cluster,7,18.39,26.11,21.05,22,69.22,-77.88,user_2,15.99,-10.83,-60.07,1.396405480136309e-07
1,toward_cluster,7,18.39,26.11,21.05,22,69.22,-77.88,user_3,30.19,-19.14,-37.93,1.6906813016248634e-07
1,toward_cluster,7,18.39,26.11,21.05,22,69.22,-77.88,user_4,21.61,-15.24,-39.28,1.5294534705390106e-07
1,toward_cluster,7,18.39,26.11,21.05,22,69.22,-77.88,user_5,19.54,-8.26,-37.94,1.3195071346672194e-07
1,toward_cluster,7,18.39,26.11,21.05,22,69.22,-77.88,user_6,8.07,-17.06,-49.8,1.6178213968487398e-07
1,toward_cluster,7,18.39,26.11,21.05,22,69.22,-77.88,user_7,-37.09,53.24,-56.43,2.1607820599456318e-07
1,toward_cluster,7,18.39,26.11,21.05,22,69.22,-77.88,user_8,-26.61,53.75,-50.78,1.878404845001569e-07
1,toward_cluster,7,18.39,26.11,21.05,22,69.22,-77.88,user_9,-25.42,54.93,-50.58,1.866800261041135e-07
1,toward_cluster,7,18.39,26.11,21.05,22,69.22,-77.88,user_10,-34.07,57.61,-51.75,2.1427446483812673e-07
1,toward_cluster,7,18.39,26.11,21.05,22,69.22,-77.88,user_11,19.72,32.27,-33.7,6.851612255331929e-08
1,toward_cluster,7,18.39,26.11,21.05,22,69.22,-77.88,user_12,21.66,41.33,-34.17,8.336057533142593e-08
1,toward_cluster,7,18.39,26.11,21.05,22,69.22,-77.88,user_13,21.08,42.76,-34.27,8.612551027908921e-08
1,toward_cluster,7,18.39,26.11,21.05,22,69.22,-77.88,user_14,14.73,37.24,-43.89,7.602590557098665e-08
1,toward_cluster,7,18.39,26.11,21.05,22,69.22,-77.88,user_15,15.68,28.8,-41.27,6.644397387844947e-08
1,toward_cluster,7,18.39,26.11,21.05,22,69.22,-77.88,user_16,21.86,35.22,-33.75,7.286947578677427e-08
1,toward_cluster,7,18.39,26.11,21.05,22,69.22,-77.88,user_17,64.53,30.2,-46.21,1.6770778188401891e-07
1,toward_cluster,7,18.39,26.11,21.05,22,69.22,-77.88,user_18,51.67,35.26,-40.29,1.3231537820956873e-07
1,toward_cluster,7,18.39,26.11,21.05,22,69.22,-77.88,user_19,58.51,39.7,-52.6,1.5561774091565894e-07
1,toward_cluster,7,18.39,26.11,21.05,22,69.22,-77.88,user_20,47.9,39.6,-51.79,1.263597226852653e-07
1,toward_cluster,7,18.39,26.11,21.05,22,69.22,-77.88,user_21,50.24,21.87,-40.58,1.254574613085424e-07
1,toward_cluster,7,18.39,26.11,21.05,22,69.22,-77.88,user_22,45.46,35.47,-39.76,1.1567496471798222e-07
2,greedy_exploration,0,-5.73,15.47,33.09,13,80.6,-79.42,user_1,18.49,42.51,-43.95,1.6051669149419467e-07
2,greedy_exploration,0,-5.73,15.47,33.09,13,80.6,-79.42,user_2,3.11,27.82,-34.9,1.1691866319551991e-07
2,greedy_exploration,0,-5.73,15.47,33.09,13,80.6,-79.42,user_3,10.29,36.62,-35.0,1.376084668436306e-07
2,greedy_exploration,0,-5.73,15.47,33.09,13,80.6,-79.42,user_4,10.15,27.6,-34.97,1.2468514398733532e-07
2,greedy_exploration,0,-5.73,15.47,33.09,13,80.6,-79.42,user_5,9.9,24.01,-34.9,1.2096730017674417e-07
2,greedy_exploration,0,-5.73,15.47,33.09,13,80.6,-79.42,user_6,7.48,33.59,-35.03,1.2922183145747113e-07
2,greedy_exploration,0,-5.73,15.47,33.09,13,80.6,-79.42,user_7,2.06,-26.67,-46.71,1.775862017439067e-07
2,greedy_exploration,0,-5.73,15.47,33.09,13,80.6,-79.42,user_8,17.86,-7.97,-45.19,1.5299832512027933e-07
2,greedy_exploration,0,-5.73,15.47,33.09,13,80.6,-79.42,user_9,9.57,-17.31,-46.26,1.6019922099985706e-07
2,greedy_exploration,0,-5.73,15.47,33.09,13,80.6,-79.42,user_10,52.54,-27.86,-55.32,2.641442051753984e-07
2,greedy_exploration,0,-5.73,15.47,33.09,13,80.6,-79.42,user_11,55.48,-22.64,-56.35,2.625843080750201e-07
2,greedy_exploration,0,-5.73,15.47,33.09,13,80.6,-79.42,user_12,49.18,-45.81,-200.0,
2,greedy_exploration,0,-5.73,15.47,33.09,13,80.6,-79.42,user_13,51.79,-35.03,-55.76,2.762089366115106e-07
2,greedy_exploration,1,-12.14,22.06,35.78,13,79.83,-79.88,user_1,18.49,42.51,-45.63,1.678300520779885e-07
2,greedy_exploration,1,-12.14,22.06,35.78,13,79.83,-79.88,user_2,3.11,27.82,-35.41,1.2661639914313128e-07
2,greedy_exploration,1,-12.14,22.06,35.78,13,79.83,-79.88,user_3,10.29,36.62,-35.31,1.4502239764624392e-07
2,greedy_exploration,1,-12.14,22.06,35.78,13,79.83,-79.88,user_4,10.15,27.6,-35.52,1.376393186092173e-07
2,greedy_exploration,1,-12.14,22.06,35.78,13,79.83,-79.88,user_5,9.9,24.01,-35.51,1.360958776785992e-07
2,greedy_exploration,1,-12.14,22.06,35.78,13,79.83,-79.88,user_6,7.48,33.59,-35.43,1.3724870484566054e-07
2,greedy_exploration,1,-12.14,22.06,35.78,13,79.83,-79.88,user_7,2.06,-26.67,-45.65,2.0430279334959778e-07
2,greedy_exploration,1,-12.14,22.06,35.78,13,79.83,-79.88,user_8,17.86,-7.97,-44.63,1.819963983962225e-07
2,greedy_exploration,1,-12.14,22.06,35.78,13,79.83,-79.88,user_9,9.57,-17.31,-45.99,1.8858732175885962e-07
2,greedy_exploration,1,-12.14,22.06,35.78,13,79.83,-79.88,user_10,52.54,-27.86,-55.3,2.9555033620454196e-07
2,greedy_exploration,1,-12.14,22.06,35.78,13,79.83,-79.88,user_11,55.48,-22.64,-56.18,2.9356809250202787e-07
2,greedy_exploration,1,-12.14,22.06,35.78,13,79.83,-79.88,user_12,49.18,-45.81,-200.0,
2,greedy_exploration,1,-12.14,22.06,35.78,13,79.83,-79.88,user_13,51.79,-35.03,-55.44,3.07918355701986e-07
2,greedy_exploration,2,0.31,12.54,34.57,13,78.63,-79.97,user_1,18.49,42.51,-43.2,1.607466799669055e-07
2,greedy_exploration,2,0.31,12.54,34.57,13,78.63,-79.97,user_2,3.11,27.82,-35.3,1.2187388165330049e-07
2,greedy_exploration,2,0.31,12.54,34.57,13,78.63,-79.97,user_3,10.29,36.62,-35.36,1.4045669161077967e-07
2,greedy_exploration,2,0.31,12.54,34.57,13,78.63,-79.97,user_4,10.15,27.6,-35.29,1.2557498507703713e-07
2,greedy_exploration,2,0.31,12.54,34.57,13,78.63,-79.97,user_5,9.9,24.01,-35.19,1.210591307199138e-07
2,greedy_exploration,2,0.31,12.54,34.57,13,78.63,-79.97,user_6,7.48,33.59,-35.36,1.3293004030856537e-07
2,greedy_exploration,2,0.31,12.54,34.57,13,78.63,-79.97,user_7,2.06,-26.67,-46.59,1.7119707251822547e-07
2,greedy_exploration,2,0.31,12.54,34.57,13,78.63,-79.97,user_8,17.86,-7.97,-44.61,1.4239270740290522e-07
2,greedy_exploration,2,0.31,12.54,34.57,13,78.63,-79.97,user_9,9.57,-17.31,-44.9,1.517769732117813e-07
2,greedy_exploration,2,0.31,12.54,34.57,13,78.63,-79.97,user_10,52.54,-27.86,-55.35,2.463356167936581e-07
2,greedy_exploration,2,0.31,12.54,34.57,13,78.63,-79.97,user_11,55.48,-22.64,-57.1,2.4455016500724014e-07
2,greedy_exploration,2,0.31,12.54,34.57,13,78.63,-79.97,user_12,49.18,-45.81,-62.7,2.768104820916051e-07
2,greedy_exploration,2,0.31,12.54,34.57,13,78.63,-79.97,user_13,51.79,-35.03,-55.21,2.585223057849362e-07
2,greedy_exploration,3,12.5,16.47,32.48,13,79.95,-79.66,user_1,18.49,42.51,-51.1,1.3646489094298886e-07
2,greedy_exploration,3,12.5,16.47,32.48,13,79.95,-79.66,user_2,3.11,27.82,-34.81,1.1442536873573772e-07
2,greedy_exploration,3,12.5,16.47,32.48,13,79.95,-79.66,user_3,10.29,36.62,-34.7,1.234938196148505e-07
2,greedy_exploration,3,12.5,16.47,32.48,13,79.95,-79.66,user_4,10.15,27.6,-34.68,1.1008421552105574e-07
2,greedy_exploration,3,12.5,16.47,32.48,13,79.95,-79.66,user_5,9.9,24.01,-34.91,1.067077732841426e-07
2,greedy_exploration,3,12.5,16.47,32.48,13,79.95,-79.66,user_6,7.48,33.59,-34.75,1.1924882414859894e-07
2,greedy_exploration,3,12.5,16.47,32.48,13,79.95,-79.66,user_7,2.06,-26.67,-47.23,1.80550728146045e-07
2,greedy_exploration,3,12.5,16.47,32.48,13,79.95,-79.66,user_8,17.86,-7.97,-41.97,1.328323833149625e-07
2,greedy_exploration,3,12.5,16.47,32.48,13,79.95,-79.66,user_9,9.57,-17.31,-45.41,1.5320121349304827e-07
2,greedy_exploration,3,12.5,16.47,32.48,13,79.95,-79.66,user_10,52.54,-27.86,-54.68,2.2445942704507615e-07
2,greedy_exploration,3,12.5,16.47,32.48,13,79.95,-79.66,user_11,55.48,-22.64,-54.39,2.1966232566228427e-07
2,greedy_exploration,3,12.5,16.47,32.48,13,79.95,-79.66,user_12,49.18,-45.81,-66.34,2.623091006626055e-07
2,greedy_exploration,3,12.5,16.47,32.48,13,79.95,-79.66,user_13,51.79,-35.03,-54.98,2.395100295871089e-07
2,greedy_exploration,4,12.71,29.91,33.63,13,78.63,-79.53,user_1,18.49,42.51,-48.34,1.1672386790451128e-07
2,greedy_exploration,4,12.71,29.91,33.63,13,78.63,-79.53,user_2,3.11,27.82,-35.21,1.1207281858105489e-07
2,greedy_exploration,4,12.71,29.91,33.63,13,78.63,-79.53,user_3,10.29,36.62,-35.29,1.0978351383528206e-07
2,greedy_exploration,4,12.71,29.91,33.63,13,78.63,-79.53,user_4,10.15,27.6,-35.24,1.0778955328305528e-07
2,greedy_exploration,4,12.71,29.91,33.63,13,78.63,-79.53,user_5,9.9,24.01,-35.27,1.0936849292875195e-07
2,greedy_exploration,4,12.71,29.91,33.63,13,78.63,-79.53,user_6,7.48,33.59,-35.44,1.0927634264135122e-07
2,greedy_exploration,4,12.71,29.91,33.63,13,78.63,-79.53,user_7,2.06,-26.67,-46.05,2.1992616439092671e-07
2,greedy_exploration,4,12.71,29.91,33.63,13,78.63,-79.53,user_8,17.86,-7.97,-43.62,1.665735709366345e-07
2,greedy_exploration,4,12.71,29.91,33.63,13,78.63,-79.53,user_9,9.57,-17.31,-44.52,1.9080113133895793e-07
2,greedy_exploration,4,12.71,29.91,33.63,13,78.63,-79.53,user_10,52.54,-27.86,-55.83,2.574315089987067e-07
2,greedy_exploration,4,12.71,29.91,33.63,13,78.63,-79.53,user_11,55.48,-22.64,-55.84,2.501310802927037e-07
2,greedy_exploration,4,12.71,29.91,33.63,13,78.63,-79.53,user_12,49.18,-45.81,-69.43,3.001320010298514e-07
2,greedy_exploration,4,12.71,29.91,33.63,13,78.63,-79.53,user_13,51.79,-35.03,-56.83,2.745941003468033e-07
2,greedy_exploration,5,22.21,41.87,35.31,13,68.02,-78.91,user_1,18.49,42.51,-39.02,1.1347868422717511e-07
2,greedy_exploration,5,22.21,41.87,35.31,13,68.02,-78.91,user_2,3.11,27.82,-44.2,1.3774736373761698e-07
2,greedy_exploration,5,22.21,41.87,35.31,13,68.02,-78.91,user_3,10.29,36.62,-52.12,1.2085727973953908e-07
2,greedy_exploration,5,22.21,41.87,35.31,13,68.02,-78.91,user_4,10.15,27.6,-46.11,1.2885216449376458e-07
2,greedy_exploration,5,22.21,41.87,35.31,13,68.02,-78.91,user_5,9.9,24.01,-47.52,1.3399281328929646e-07
2,greedy_exploration,5,22.21,41.87,35.31,13,68.02,-78.91,user_6,7.48,33.59,-48.45,1.260787314549816e-07
2,greedy_exploration,5,22.21,41.87,35.31,13,68.02,-78.91,user_7,2.06,-26.67,-54.45,2.6363954930275213e-07
2,greedy_exploration,5,22.21,41.87,35.31,13,68.02,-78.91,user_8,17.86,-7.97,-41.99,2.01414835032665e-07
2,greedy_exploration,5,22.21,41.87,35.31,13,68.02,-78.91,user_9,9.57,-17.31,-54.69,2.3122410652831604e-07
2,greedy_exploration,5,22.21,41.87,35.31,13,68.02,-78.91,user_10,52.54,-27.86,-48.5,2.7758662213273055e-07
2,greedy_exploration,5,22.21,41.87,35.31,13,68.02,-78.91,user_11,55.48,-22.64,-48.64,2.670919343472633e-07
2,greedy_exploration,5,22.21,41.87,35.31,13,68.02,-78.91,user_12,49.18,-45.81,-52.59,3.2611376354907406e-07
2,greedy_exploration,5,22.21,41.87,35.31,13,68.02,-78.91,user_13,51.79,-35.03,-48.5,2.970725176965061e-07
2,greedy_exploration,6,35.61,46.86,38.08,13,69.61,-79.28,user_1,18.49,42.51,-40.67,1.3549903599141544e-07
2,greedy_exploration,6,35.61,46.86,38.08,13,69.61,-79.28,user_2,3.11,27.82,-45.81,1.7514078365366004e-07
2,greedy_exploration,6,35.61,46.86,38.08,13,69.61,-79.28,user_3,10.29,36.62,-52.85,1.522769110806621e-07
2,greedy_exploration,6,35.61,46.86,38.08,13,69.61,-79.28,user_4,10.15,27.6,-45.71,1.6195062357837742e-07
2,greedy_exploration,6,35.61,46.86,38.08,13,69.61,-79.28,user_5,9.9,24.01,-46.99,1.6748847997405392e-07
2,greedy_exploration,6,35.61,46.86,38.08,13,69.61,-79.28,user_6,7.48,33.59,-51.82,1.6016240067528997e-07
2,greedy_exploration,6,35.61,46.86,38.08,13,69.61,-79.28,user_7,2.06,-26.67,-49.16,2.959215805731219e-07
2,greedy_exploration,6,35.61,46.86,38.08,13,69.61,-79.28,user_8,17.86,-7.97,-45.43,2.2769232543851103e-07
2,greedy_exploration,6,35.61,46.86,38.08,13,69.61,-79.28,user_9,9.57,-17.31,-48.23,2.6124621399503667e-07
2,greedy_exploration,6,35.61,46.86,38.08,13,69.61,-79.28,user_10,52.54,-27.86,-49.33,2.8319178113633825e-07
2,greedy_exploration,6,35.61,46.86,38.08,13,69.61,-79.28,user_11,55.48,-22.64,-49.43,2.702314532143646e-07
2,greedy_exploration,6,35.61,46.86,38.08,13,69.61,-79.28,user_12,49.18,-45.81,-53.23,3.3539316746100667e-07
2,greedy_exploration,6,35.61,46.86,38.08,13,69.61,-79.28,user_13,51.79,-35.03,-48.65,3.0399860406760126e-07
2,greedy_exploration,7,31.9,53.51,35.96,13,65.74,-79.39,user_1,18.49,42.51,-40.24,1.2868483167949307e-07
2,greedy_exploration,7,31.9,53.51,35.96,13,65.74,-79.39,user_2,3.11,27.82,-47.44,1.7256361672934872e-07
2,greedy_exploration,7,31.9,53.51,35.96,13,65.74,-79.39,user_3,10.29,36.62,-47.89,1.469104944362698e-07
2,greedy_exploration,7,31.9,53.51,35.96,13,65.74,-79.39,user_4,10.15,27.6,-48.15,1.6107664180253778e-07
2,greedy_exploration,7,31.9,53.51,35.96,13,65.74,-79.39,user_5,9.9,24.01,-48.13,1.681686256915782e-07
2,greedy_exploration,7,31.9,53.51,35.96,13,65.74,-79.39,user_6,7.48,33.59,-48.13,1.5576529222016688e-07
2,greedy_exploration,7,31.9,53.51,35.96,13,65.74,-79.39,user_7,2.06,-26.67,-56.34,3.076529537793249e-07
2,greedy_exploration,7,31.9,53.51,35.96,13,65.74,-79.39,user_8,17.86,-7.97,-45.01,2.397117668806459e-07
2,greedy_exploration,7,31.9,53.51,35.96,13,65.74,-79.39,user_9,9.57,-17.31,-47.88,2.7306640504320967e-07
2,greedy_exploration,7,31.9,53.51,35.96,13,65.74,-79.39,user_10,52.54,-27.86,-51.15,3.026913191206404e-07
2,greedy_exploration,7,31.9,53.51,35.96,13,65.74,-79.39,user_11,55.48,-22.64,-51.16,2.8968904075554747e-07
2,greedy_exploration,7,31.9,53.51,35.96,13,65.74,-79.39,user_12,49.18,-45.81,-62.66,3.869962768021651e-07
2,greedy_exploration,7,31.9,53.51,35.96,13,65.74,-79.39,user_13,51.79,-35.03,-51.37,3.2378807190980297e-07
3,toward_cluster,0,20.69,22.64,25.97,9,69.69,-78.28,user_1,-39.98,-17.4,-60.53,2.558423375376151e-07
3,toward_cluster,0,20.69,22.64,25.97,9,69.69,-78.28,user_2,-25.61,-19.54,-59.16,2.503485916349746e-07
3,toward_cluster,0,20.69,22.64,25.97,9,69.69,-78.28,user_3,-33.38,-18.32,-62.81,2.405380428172066e-07
3,toward_cluster,0,20.69,22.64,25.97,9,69.69,-78.28,user_4,-27.21,-12.76,-52.62,2.147891393633472e-07
3,toward_cluster,0,20.69,22.64,25.97,9,69.69,-78.28,user_5,-39.5,-18.59,-60.47,2.5668248326837784e-07
3,toward_cluster,0,20.69,22.64,25.97,9,69.69,-78.28,user_6,-26.58,-14.4,-54.03,2.1630788182847027e-07
3,toward_cluster,0,20.69,22.64,25.97,9,69.69,-78.28,user_7,17.29,24.49,-35.72,8.263799600172206e-08
3,toward_cluster,0,20.69,22.64,25.97,9,69.69,-78.28,user_8,19.77,16.12,-35.71,8.452659017166297e-08
3,toward_cluster,0,20.69,22.64,25.97,9,69.69,-78.28,user_9,24.12,15.74,-35.71,8.557435648981482e-08
3,toward_cluster,1,8.88,13.39,25.97,9,78.82,-79.3,user_1,-39.98,-17.4,-55.67,2.0921953591823694e-07
3,toward_cluster,1,8.88,13.39,25.97,9,78.82,-79.3,user_2,-25.61,-19.54,-48.32,1.7878306834973046e-07
3,toward_cluster,1,8.88,13.39,25.97,9,78.82,-79.3,user_3,-33.38,-18.32,-55.71,1.942194813864262e-07
3,toward_cluster,1,8.88,13.39,25.97,9,78.82,-79.3,user_4,-27.21,-12.76,-47.2,1.6959664606019942e-07
3,toward_cluster,1,8.88,13.39,25.97,9,78.82,-79.3,user_5,-39.5,-18.59,-55.5,2.099633178431759e-07
3,toward_cluster,1,8.88,13.39,25.97,9,78.82,-79.3,user_6,-26.58,-14.4,-47.52,1.710138803900918e-07
3,toward_cluster,1,8.88,13.39,25.97,9,78.82,-79.3,user_7,17.29,24.49,-41.94,9.391584399054409e-08
3,toward_cluster,1,8.88,13.39,25.97,9,78.82,-79.3,user_8,19.77,16.12,-36.71,8.980408949810226e-08
3,toward_cluster,1,8.88,13.39,25.97,9,78.82,-79.3,user_9,24.12,15.74,-36.95,9.647795451428465e-08
3,toward_cluster,2,-0.5,6.05,25.97,9,79.83,-77.64,user_1,-39.98,-17.4,-44.54,1.7356086345898802e-07
3,toward_cluster,2,-0.5,6.05,25.97,9,79.83,-77.64,user_2,-25.61,-19.54,-40.43,1.447891406769486e-07
3,toward_cluster,2,-0.5,6.05,25.97,9,79.83,-77.64,user_3,-33.38,-18.32,-44.31,1.5905698091955855e-07
3,toward_cluster,2,-0.5,6.05,25.97,9,79.83,-77.64,user_4,-27.21,-12.76,-37.93,1.3615058946925274e-07
3,toward_cluster,2,-0.5,6.05,25.97,9,79.83,-77.64,user_5,-39.5,-18.59,-44.78,1.741865958138078e-07
3,toward_cluster,2,-0.5,6.05,25.97,9,79.83,-77.64,user_6,-26.58,-14.4,-38.07,1.374166487266848e-07
3,toward_cluster,2,-0.5,6.05,25.97,9,79.83,-77.64,user_7,17.29,24.49,-50.21,1.1818239187277868e-07
3,toward_cluster,2,-0.5,6.05,25.97,9,79.83,-77.64,user_8,19.77,16.12,-49.49,1.1118540044208203e-07
3,toward_cluster,2,-0.5,6.05,25.97,9,79.83,-77.64,user_9,24.12,15.74,-50.37,1.20213698551197e-07
3,toward_cluster,3,-6.13,1.65,25.97,9,82.77,-77.73,user_1,-39.98,-17.4,-43.86,1.5313119661186647e-07
3,toward_cluster,3,-6.13,1.65,25.97,9,82.77,-77.73,user_2,-25.61,-19.54,-37.87,1.2601780952081754e-07
3,toward_cluster,3,-6.13,1.65,25.97,9,82.77,-77.73,user_3,-33.38,-18.32,-43.43,1.3914637975176447e-07
3,toward_cluster,3,-6.13,1.65,25.97,9,82.77,-77.73,user_4,-27.21,-12.76,-37.28,1.1797022381188071e-07
3,toward_cluster,3,-6.13,1.65,25.97,9,82.77,-77.73,user_5,-39.5,-18.59,-43.92,1.5365669980837993e-07
3,toward_cluster,3,-6.13,1.65,25.97,9,82.77,-77.73,user_6,-26.58,-14.4,-37.4,1.1908686303740978e-07
3,toward_cluster,3,-6.13,1.65,25.97,9,82.77,-77.73,user_7,17.29,24.49,-50.9,1.362699180162963e-07
3,toward_cluster,3,-6.13,1.65,25.97,9,82.77,-77.73,user_8,19.77,16.12,-48.64,1.282800781154947e-07
3,toward_cluster,3,-6.13,1.65,25.97,9,82.77,-77.73,user_9,24.12,15.74,-47.68,1.3803152398850216e-07
3,toward_cluster,4,-9.5,-0.99,25.97,9,83.43,-77.98,user_1,-39.98,-17.4,-44.34,1.4140518089789111e-07
3,toward_cluster,4,-9.5,-0.99,25.97,9,83.43,-77.98,user_2,-25.61,-19.54,-37.65,1.1566621793690501e-07
3,toward_cluster,4,-9.5,-0.99,25.97,9,83.43,-77.98,user_3,-33.38,-18.32,-43.25,1.2786273373421864e-07
3,toward_cluster,4,-9.5,-0.99,25.97,9,83.43,-77.98,user_4,-27.21,-12.76,-37.93,1.0813640471951658e-07
3,toward_cluster,4,-9.5,-0.99,25.97,9,83.43,-77.98,user_5,-39.5,-18.59,-44.47,1.418546133891141e-07
3,toward_cluster,4,-9.5,-0.99,25.97,9,83.43,-77.98,user_6,-26.58,-14.4,-37.28,1.0912876291513385e-07
3,toward_cluster,4,-9.5,-0.99,25.97,9,83.43,-77.98,user_7,17.29,24.49,-51.14,1.478902618146094e-07
3,toward_cluster,4,-9.5,-0.99,25.97,9,83.43,-77.98,user_8,19.77,16.12,-48.9,1.3947071408892953e-07
3,toward_cluster,4,-9.5,-0.99,25.97,9,83.43,-77.98,user_9,24.12,15.74,-46.86,1.4950884974496148e-07
3,toward_cluster,5,-11.53,-2.58,25.97,9,83.62,-77.95,user_1,-39.98,-17.4,-43.78,1.3458041792091535e-07
3,toward_cluster,5,-11.53,-2.58,25.97,9,83.62,-77.95,user_2,-25.61,-19.54,-37.87,1.0985703369215116e-07
3,toward_cluster,5,-11.53,-2.58,25.97,9,83.62,-77.95,user_3,-33.38,-18.32,-42.6,1.213710731917672e-07
3,toward_cluster,5,-11.53,-2.58,25.97,9,83.62,-77.95,user_4,-27.21,-12.76,-37.55,1.0271800476857607e-07
3,toward_cluster,5,-11.53,-2.58,25.97,9,83.62,-77.95,user_5,-39.5,-18.59,-43.92,1.3497694340003363e-07
3,toward_cluster,5,-11.53,-2.58,25.97,9,83.62,-77.95,user_6,-26.58,-14.4,-37.59,1.0361961955140941e-07
3,toward_cluster,5,-11.53,-2.58,25.97,9,83.62,-77.95,user_7,17.29,24.49,-50.03,1.5510400430684967e-07
3,toward_cluster,5,-11.53,-2.58,25.97,9,83.62,-77.95,user_8,19.77,16.12,-49.77,1.464707679588173e-07
3,toward_cluster,5,-11.53,-2.58,25.97,9,83.62,-77.95,user_9,24.12,15.74,-46.64,1.5664468833165301e-07
3,toward_cluster,6,-12.74,-3.53,25.97,9,83.89,-77.8,user_1,-39.98,-17.4,-42.85,1.3060963510724832e-07
3,toward_cluster,6,-12.74,-3.53,25.97,9,83.89,-77.8,user_2,-25.61,-19.54,-37.63,1.065703543190466e-07
3,toward_cluster,6,-12.74,-3.53,25.97,9,83.89,-77.8,user_3,-33.38,-18.32,-42.19,1.176273300984576e-07
3,toward_cluster,6,-12.74,-3.53,25.97,9,83.89,-77.8,user_4,-27.21,-12.76,-37.33,9.969910053087006e-08
3,toward_cluster,6,-12.74,-3.53,25.97,9,83.89,-77.8,user_5,-39.5,-18.59,-43.01,1.309714718900068e-07
3,toward_cluster,6,-12.74,-3.53,25.97,9,83.89,-77.8,user_6,-26.58,-14.4,-37.36,1.0053974364154783e-07
3,toward_cluster,6,-12.74,-3.53,25.97,9,83.89,-77.8,user_7,17.29,24.49,-50.05,1.5947371423408185e-07
3,toward_cluster,6,-12.74,-3.53,25.97,9,83.89,-77.8,user_8,19.77,16.12,-50.14,1.507253273302922e-07
3,toward_cluster,6,-12.74,-3.53,25.97,9,83.89,-77.8,user_9,24.12,15.74,-46.5,1.6096923616260028e-07
3,toward_cluster,7,-13.47,-4.1,25.97,9,83.62,-77.73,user_1,-39.98,-17.4,-42.61,1.2825749706735223e-07
3,toward_cluster,7,-13.47,-4.1,25.97,9,83.62,-77.73,user_2,-25.61,-19.54,-37.49,1.0466441580092578e-07
3,toward_cluster,7,-13.47,-4.1,25.97,9,83.62,-77.73,user_3,-33.38,-18.32,-41.95,1.1542461919589186e-07
3,toward_cluster,7,-13.47,-4.1,25.97,9,83.62,-77.73,user_4,-27.21,-12.76,-37.21,9.796590205723987e-08
3,toward_cluster,7,-13.47,-4.1,25.97,9,83.62,-77.73,user_5,-39.5,-18.59,-42.77,1.2859757703154173e-07
3,toward_cluster,7,-13.47,-4.1,25.97,9,83.62,-77.73,user_6,-26.58,-14.4,-37.23,9.876780637796401e-08
3,toward_cluster,7,-13.47,-4.1,25.97,9,83.62,-77.73,user_7,17.29,24.49,-50.11,1.621254170913744e-07
3,toward_cluster,7,-13.47,-4.1,25.97,9,83.62,-77.73,user_8,19.77,16.12,-50.2,1.533135076670078e-07
3,toward_cluster,7,-13.47,-4.1,25.97,9,83.62,-77.73,user_9,24.12,15.74,-46.42,1.635965958257657e-07
4,greedy_exploration,0,-9.31,42.12,22.9,16,57.96,-78.56,user_1,-32.24,-12.72,-67.82,2.1073145717309671e-07
4,greedy_exploration,0,-9.31,42.12,22.9,16,57.96,-78.56,user_2,-32.74,-20.07,-69.76,2.3288701811452484e-07
4,greedy_exploration,0,-9.31,42.12,22.9,16,57.96,-78.56,user_3,-35.07,-16.49,-63.73,2.2516611863920843e-07
4,greedy_exploration,0,-9.31,42.12,22.9,16,57.96,-78.56,user_4,-39.11,-1.54,-50.96,2.2837841129330627e-07
4,greedy_exploration,0,-9.31,42.12,22.9,16,57.96,-78.56,user_5,5.01,29.64,-41.52,9.544670831473923e-08
4,greedy_exploration,0,-9.31,42.12,22.9,16,57.96,-78.56,user_6,4.86,31.88,-42.58,9.217519902904314e-08
4,greedy_exploration,0,-9.31,42.12,22.9,16,57.96,-78.56,user_7,7.12,29.95,-42.7,9.872672279698236e-08
4,greedy_exploration,0,-9.31,42.12,22.9,16,57.96,-78.56,user_8,5.74,-40.73,-200.0,
4,greedy_exploration,0,-9.31,42.12,22.9,16,57.96,-78.56,user_9,3.38,-44.5,-200.0,
4,greedy_exploration,0,-9.31,42.12,22.9,16,57.96,-78.56,user_10,15.42,-48.84,-60.06,3.64981076472759e-07
4,greedy_exploration,0,-9.31,42.12,22.9,16,57.96,-78.56,user_11,-3.85,-41.03,-200.0,
4,greedy_exploration,0,-9.31,42.12,22.9,16,57.96,-78.56,user_12,10.89,22.97,-41.71,1.1711483693943592e-07
4,greedy_exploration,0,-9.31,42.12,22.9,16,57.96,-78.56,user_13,4.29,38.8,-34.57,8.530000172868313e-08
4,greedy_exploration,0,-9.31,42.12,22.9,16,57.96,-78.56,user_14,16.02,26.93,-50.91,1.216619835986421e-07
4,greedy_exploration,0,-9.31,42.12,22.9,16,57.96,-78.56,user_15,10.45,33.72,-44.97,1.0111875781149138e-07
4,greedy_exploration,0,-9.31,42.12,22.9,16,57.96,-78.56,user_16,11.9,25.79,-42.2,1.1431532698225055e-07
4,greedy_exploration,1,-15.32,44.99,21.1,16,65.31,-77.62,user_1,-32.24,-12.72,-48.57,2.109879488898514e-07
4,greedy_exploration,1,-15.32,44.99,21.1,16,65.31,-77.62,user_2,-32.74,-20.07,-56.61,2.339808844453728e-07
4,greedy_exploration,1,-15.32,44.99,21.1,16,65.31,-77.62,user_3,-35.07,-16.49,-49.09,2.2510047870127892e-07
4,greedy_exploration,1,-15.32,44.99,21.1,16,65.31,-77.62,user_4,-39.11,-1.54,-45.29,1.8617434704992775e-07
4,greedy_exploration,1,-15.32,44.99,21.1,16,65.31,-77.62,user_5,5.01,29.64,-43.65,1.0721329601892648e-07
4,greedy_exploration,1,-15.32,44.99,21.1,16,65.31,-77.62,user_6,4.86,31.88,-44.31,1.0352663082358049e-07
4,greedy_exploration,1,-15.32,44.99,21.1,16,65.31,-77.62,user_7,7.12,29.95,-44.2,1.1132823374282452e-07
4,greedy_exploration,1,-15.32,44.99,21.1,16,65.31,-77.62,user_8,5.74,-40.73,-53.31,3.4246914992763777e-07
4,greedy_exploration,1,-15.32,44.99,21.1,16,65.31,-77.62,user_9,3.38,-44.5,-55.57,3.4916070035251323e-07
4,greedy_exploration,1,-15.32,44.99,21.1,16,65.31,-77.62,user_10,15.42,-48.84,-53.57,3.8202907148843224e-07
4,greedy_exploration,1,-15.32,44.99,21.1,16,65.31,-77.62,user_11,-3.85,-41.03,-55.31,3.2798044458104414e-07
4,greedy_exploration,1,-15.32,44.99,21.1,16,65.31,-77.62,user_12,10.89,22.97,-43.8,1.315784317057478e-07
4,greedy_exploration,1,-15.32,44.99,21.1,16,65.31,-77.62,user_13,4.29,38.8,-35.43,9.47596987543875e-08
4,greedy_exploration,1,-15.32,44.99,21.1,16,65.31,-77.62,user_14,16.02,26.93,-52.85,1.3722906544444413e-07
4,greedy_exploration,1,-15.32,44.99,21.1,16,65.31,-77.62,user_15,10.45,33.72,-45.53,1.1435294311468169e-07
4,greedy_exploration,1,-15.32,44.99,21.1,16,65.31,-77.62,user_16,11.9,25.79,-44.44,1.289184723418657e-07
4,greedy_exploration,2,-25.51,42.26,19.36,16,65.62,-77.34,user_1,-32.24,-12.72,-46.0,1.9412951246522425e-07
4,greedy_exploration,2,-25.51,42.26,19.36,16,65.62,-77.34,user_2,-32.74,-20.07,-47.67,2.1761780999440816e-07
4,greedy_exploration,2,-25.51,42.26,19.36,16,65.62,-77.34,user_3,-35.07,-16.49,-45.71,2.0729163452415378e-07
4,greedy_exploration,2,-25.51,42.26,19.36,16,65.62,-77.34,user_4,-39.11,-1.54,-41.73,1.6417249071309925e-07
4,greedy_exploration,2,-25.51,42.26,19.36,16,65.62,-77.34,user_5,5.01,29.64,-47.87,1.2524051840046013e-07
4,greedy_exploration,2,-25.51,42.26,19.36,16,65.62,-77.34,user_6,4.86,31.88,-48.76,1.2251662440121436e-07
4,greedy_exploration,2,-25.51,42.26,19.36,16,65.62,-77.34,user_7,7.12,29.95,-48.14,1.3069723081571283e-07
4,greedy_exploration,2,-25.51,42.26,19.36,16,65.62,-77.34,user_8,5.74,-40.73,-52.23,3.171315938743646e-07
4,greedy_exploration,2,-25.51,42.26,19.36,16,65.62,-77.34,user_9,3.38,-44.5,-52.25,3.248179041293042e-07
4,greedy_exploration,2,-25.51,42.26,19.36,16,65.62,-77.34,user_10,15.42,-48.84,-53.44,3.557327943326527e-07
4,greedy_exploration,2,-25.51,42.26,19.36,16,65.62,-77.34,user_11,-3.85,-41.03,-49.08,2.931828930741176e-07
4,greedy_exploration,2,-25.51,42.26,19.36,16,65.62,-77.34,user_12,10.89,22.97,-43.68,1.4977152318351727e-07
4,greedy_exploration,2,-25.51,42.26,19.36,16,65.62,-77.34,user_13,4.29,38.8,-36.87,1.1646074682403196e-07
4,greedy_exploration,2,-25.51,42.26,19.36,16,65.62,-77.34,user_14,16.02,26.93,-55.5,1.5923028229281044e-07
4,greedy_exploration,2,-25.51,42.26,19.36,16,65.62,-77.34,user_15,10.45,33.72,-49.29,1.369252231597784e-07
4,greedy_exploration,2,-25.51,42.26,19.36,16,65.62,-77.34,user_16,11.9,25.79,-47.39,1.487915852749211e-07
4,greedy_exploration,3,-37.92,37.75,19.85,16,48.97,-78.22,user_1,-32.24,-12.72,-53.07,1.8013095370861265e-07
4,greedy_exploration,3,-37.92,37.75,19.85,16,48.97,-78.22,user_2,-32.74,-20.07,-54.15,2.0308293358084484e-07
4,greedy_exploration,3,-37.92,37.75,19.85,16,48.97,-78.22,user_3,-35.07,-16.49,-53.53,1.9123500294426776e-07
4,greedy_exploration,3,-37.92,37.75,19.85,16,48.97,-78.22,user_4,-39.11,-1.54,-44.05,1.447008060040389e-07
4,greedy_exploration,3,-37.92,37.75,19.85,16,48.97,-78.22,user_5,5.01,29.64,-65.94,1.5806429587428283e-07
4,greedy_exploration,3,-37.92,37.75,19.85,16,48.97,-78.22,user_6,4.86,31.88,-68.36,1.5650189766347467e-07
4,greedy_exploration,3,-37.92,37.75,19.85,16,48.97,-78.22,user_7,7.12,29.95,-66.9,1.6430067262263037e-07
4,greedy_exploration,3,-37.92,37.75,19.85,16,48.97,-78.22,user_8,5.74,-40.73,-200.0,
4,greedy_exploration,3,-37.92,37.75,19.85,16,48.97,-78.22,user_9,3.38,-44.5,-200.0,
4,greedy_exploration,3,-37.92,37.75,19.85,16,48.97,-78.22,user_10,15.42,-48.84,-200.0,
4,greedy_exploration,3,-37.92,37.75,19.85,16,48.97,-78.22,user_11,-3.85,-41.03,-200.0,
4,greedy_exploration,3,-37.92,37.75,19.85,16,48.97,-78.22,user_12,10.89,22.97,-63.73,1.8079009578286787e-07
4,greedy_exploration,3,-37.92,37.75,19.85,16,48.97,-78.22,user_13,4.29,38.8,-42.14,1.535666456220497e-07
4,greedy_exploration,3,-37.92,37.75,19.85,16,48.97,-78.22,user_14,16.02,26.93,-200.0,
4,greedy_exploration,3,-37.92,37.75,19.85,16,48.97,-78.22,user_15,10.45,33.72,-61.02,1.7308794042492082e-07
4,greedy_exploration,3,-37.92,37.75,19.85,16,48.97,-78.22,user_16,11.9,25.79,-65.27,1.8153353664729366e-07
4,greedy_exploration,4,-49.16,44.67,22.08,16,52.34,-78.55,user_1,-32.24,-12.72,-55.2,2.1105499570239772e-07
4,greedy_exploration,4,-49.16,44.67,22.08,16,52.34,-78.55,user_2,-32.74,-20.07,-55.93,2.3312335883929336e-07
4,greedy_exploration,4,-49.16,44.67,22.08,16,52.34,-78.55,user_3,-35.07,-16.49,-55.29,2.2031926505405863e-07
4,greedy_exploration,4,-49.16,44.67,22.08,16,52.34,-78.55,user_4,-39.11,-1.54,-46.01,1.7203316815539438e-07
4,greedy_exploration,4,-49.16,44.67,22.08,16,52.34,-78.55,user_5,5.01,29.64,-47.65,1.996883440824604e-07
4,greedy_exploration,4,-49.16,44.67,22.08,16,52.34,-78.55,user_6,4.86,31.88,-47.46,1.9748799218177737e-07
4,greedy_exploration,4,-49.16,44.67,22.08,16,52.34,-78.55,user_7,7.12,29.95,-47.87,2.0582965021276323e-07
4,greedy_exploration,4,-49.16,44.67,22.08,16,52.34,-78.55,user_8,5.74,-40.73,-200.0,
4,greedy_exploration,4,-49.16,44.67,22.08,16,52.34,-78.55,user_9,3.38,-44.5,-200.0,
4,greedy_exploration,4,-49.16,44.67,22.08,16,52.34,-78.55,user_10,15.42,-48.84,-200.0,
4,greedy_exploration,4,-49.16,44.67,22.08,16,52.34,-78.55,user_11,-3.85,-41.03,-200.0,
4,greedy_exploration,4,-49.16,44.67,22.08,16,52.34,-78.55,user_12,10.89,22.97,-47.35,2.2377224695446785e-07
4,greedy_exploration,4,-49.16,44.67,22.08,16,52.34,-78.55,user_13,4.29,38.8,-41.21,1.9204995282962045e-07
4,greedy_exploration,4,-49.16,44.67,22.08,16,52.34,-78.55,user_14,16.02,26.93,-52.45,2.3555095651772717e-07
4,greedy_exploration,4,-49.16,44.67,22.08,16,52.34,-78.55,user_15,10.45,33.72,-58.0,2.135016359261499e-07
4,greedy_exploration,4,-49.16,44.67,22.08,16,52.34,-78.55,user_16,11.9,25.79,-47.48,2.2396821464099048e-07
4,greedy_exploration,5,-52.41,48.74,23.05,16,51.45,-78.92,user_1,-32.24,-12.72,-56.07,2.2742524663499353e-07
4,greedy_exploration,5,-52.41,48.74,23.05,16,51.45,-78.92,user_2,-32.74,-20.07,-56.7,2.4930710651460686e-07
4,greedy_exploration,5,-52.41,48.74,23.05,16,51.45,-78.92,user_3,-35.07,-16.49,-56.09,2.3633739942852117e-07
4,greedy_exploration,5,-52.41,48.74,23.05,16,51.45,-78.92,user_4,-39.11,-1.54,-46.99,1.8778713695155602e-07
4,greedy_exploration,5,-52.41,48.74,23.05,16,51.45,-78.92,user_5,5.01,29.64,-48.37,2.142683541705992e-07
4,greedy_exploration,5,-52.41,48.74,23.05,16,51.45,-78.92,user_6,4.86,31.88,-56.18,2.1171506148220942e-07
4,greedy_exploration,5,-52.41,48.74,23.05,16,51.45,-78.92,user_7,7.12,29.95,-48.6,2.202858553346232e-07
4,greedy_exploration,5,-52.41,48.74,23.05,16,51.45,-78.92,user_8,5.74,-40.73,-200.0,
4,greedy_exploration,5,-52.41,48.74,23.05,16,51.45,-78.92,user_9,3.38,-44.5,-200.0,
4,greedy_exploration,5,-52.41,48.74,23.05,16,51.45,-78.92,user_10,15.42,-48.84,-200.0,
4,greedy_exploration,5,-52.41,48.74,23.05,16,51.45,-78.92,user_11,-3.85,-41.03,-200.0,
4,greedy_exploration,5,-52.41,48.74,23.05,16,51.45,-78.92,user_12,10.89,22.97,-48.23,2.3903737655928126e-07
4,greedy_exploration,5,-52.41,48.74,23.05,16,51.45,-78.92,user_13,4.29,38.8,-41.84,2.050292380317842e-07
4,greedy_exploration,5,-52.41,48.74,23.05,16,51.45,-78.92,user_14,16.02,26.93,-52.98,2.501228664186783e-07
4,greedy_exploration,5,-52.41,48.74,23.05,16,51.45,-78.92,user_15,10.45,33.72,-57.24,2.2724951520558534e-07
4,greedy_exploration,5,-52.41,48.74,23.05,16,51.45,-78.92,user_16,11.9,25.79,-48.07,2.3883936250967963e-07
4,greedy_exploration,6,-60.34,53.66,24.78,16,52.5,-77.61,user_1,-32.24,-12.72,-57.64,2.5267061687372916e-07
4,greedy_exploration,6,-60.34,53.66,24.78,16,52.5,-77.61,user_2,-32.74,-20.07,-58.07,2.7384433565202926e-07
4,greedy_exploration,6,-60.34,53.66,24.78,16,52.5,-77.61,user_3,-35.07,-16.49,-57.51,2.605550548651081e-07
4,greedy_exploration,6,-60.34,53.66,24.78,16,52.5,-77.61,user_4,-39.11,-1.54,-48.88,2.1200906985541224e-07
4,greedy_exploration,6,-60.34,53.66,24.78,16,52.5,-77.61,user_5,5.01,29.64,-49.39,2.448810505484289e-07
4,greedy_exploration,6,-60.34,53.66,24.78,16,52.5,-77.61,user_6,4.86,31.88,-56.27,2.420895555133029e-07
4,greedy_exploration,6,-60.34,53.66,24.78,16,52.5,-77.61,user_7,7.12,29.95,-56.19,2.508387240141019e-07
4,greedy_exploration,6,-60.34,53.66,24.78,16,52.5,-77.61,user_8,5.74,-40.73,-200.0,
4,greedy_exploration,6,-60.34,53.66,24.78,16,52.5,-77.61,user_9,3.38,-44.5,-200.0,
4,greedy_exploration,6,-60.34,53.66,24.78,16,52.5,-77.61,user_10,15.42,-48.84,-200.0,
4,greedy_exploration,6,-60.34,53.66,24.78,16,52.5,-77.61,user_11,-3.85,-41.03,-200.0,
4,greedy_exploration,6,-60.34,53.66,24.78,16,52.5,-77.61,user_12,10.89,22.97,-49.3,2.701158052786923e-07
4,greedy_exploration,6,-60.34,53.66,24.78,16,52.5,-77.61,user_13,4.29,38.8,-43.05,2.344415577226755e-07
4,greedy_exploration,6,-60.34,53.66,24.78,16,52.5,-77.61,user_14,16.02,26.93,-62.24,2.808146177812887e-07
4,greedy_exploration,6,-60.34,53.66,24.78,16,52.5,-77.61,user_15,10.45,33.72,-57.28,2.5731580421961553e-07
4,greedy_exploration,6,-60.34,53.66,24.78,16,52.5,-77.61,user_16,11.9,25.79,-50.33,2.696987166928011e-07
4,greedy_exploration,7,-62.98,45.79,22.94,16,51.26,-76.64,user_1,-32.24,-12.72,-57.67,2.3177405239493964e-07
4,greedy_exploration,7,-62.98,45.79,22.94,16,51.26,-76.64,user_2,-32.74,-20.07,-57.97,2.520930308946845e-07
4,greedy_exploration,7,-62.98,45.79,22.94,16,51.26,-76.64,user_3,-35.07,-16.49,-57.35,2.386193500569789e-07
4,greedy_exploration,7,-62.98,45.79,22.94,16,51.26,-76.64,user_4,-39.11,-1.54,-49.83,1.9073273449521366e-07
4,greedy_exploration,7,-62.98,45.79,22.94,16,51.26,-76.64,user_5,5.01,29.64,-48.37,2.438245303437725e-07
4,greedy_exploration,7,-62.98,45.79,22.94,16,51.26,-76.64,user_6,4.86,31.88,-49.19,2.4181503022191464e-07
4,greedy_exploration,7,-62.98,45.79,22.94,16,51.26,-76.64,user_7,7.12,29.95,-48.49,2.5016393578880525e-07
4,greedy_exploration,7,-62.98,45.79,22.94,16,51.26,-76.64,user_8,5.74,-40.73,-200.0,
4,greedy_exploration,7,-62.98,45.79,22.94,16,51.26,-76.64,user_9,3.38,-44.5,-200.0,
4,greedy_exploration,7,-62.98,45.79,22.94,16,51.26,-76.64,user_10,15.42,-48.84,-200.0,
4,greedy_exploration,7,-62.98,45.79,22.94,16,51.26,-76.64,user_11,-3.85,-41.03,-200.0,
4,greedy_exploration,7,-62.98,45.79,22.94,16,51.26,-76.64,user_12,10.89,22.97,-59.79,2.676257224720757e-07
4,greedy_exploration,7,-62.98,45.79,22.94,16,51.26,-76.64,user_13,4.29,38.8,-42.98,2.3666098059038632e-07
4,greedy_exploration,7,-62.98,45.79,22.94,16,51.26,-76.64,user_14,16.02,26.93,-53.79,2.8020124887007114e-07
4,greedy_exploration,7,-62.98,45.79,22.94,16,51.26,-76.64,user_15,10.45,33.72,-59.6,2.5831997163550113e-07
4,greedy_exploration,7,-62.98,45.79,22.94,16,51.26,-76.64,user_16,11.9,25.79,-53.69,2.6823795451491605e-07
5,toward_cluster,0,1.5,53.62,26.1,14,64.07,-79.63,user_1,13.8,25.65,-40.06,1.3084776639971096e-07
5,toward_cluster,0,1.5,53.62,26.1,14,64.07,-79.63,user_2,5.42,37.87,-37.25,9.830744573946504e-08
5,toward_cluster,0,1.5,53.62,26.1,14,64.07,-79.63,user_3,25.13,28.78,-40.62,1.4075307319671992e-07
5,toward_cluster,0,1.5,53.62,26.1,14,64.07,-79.63,user_4,19.02,40.59,-39.0,1.097162893870518e-07
5,toward_cluster,0,1.5,53.62,26.1,14,64.07,-79.63,user_5,12.44,35.37,-41.43,1.084932890194068e-07
5,toward_cluster,0,1.5,53.62,26.1,14,64.07,-79.63,user_6,-18.63,20.19,-45.16,1.5387183793791337e-07
5,toward_cluster,0,1.5,53.62,26.1,14,64.07,-79.63,user_7,-20.23,16.84,-45.22,1.6443460992832115e-07
5,toward_cluster,0,1.5,53.62,26.1,14,64.07,-79.63,user_8,-18.51,12.37,-45.0,1.735534453928267e-07
5,toward_cluster,0,1.5,53.62,26.1,14,64.07,-79.63,user_9,-13.15,27.75,-40.84,1.2871595345131936e-07
5,toward_cluster,0,1.5,53.62,26.1,14,64.07,-79.63,user_10,-6.74,24.74,-40.77,1.2949472250056715e-07
5,toward_cluster,0,1.5,53.62,26.1,14,64.07,-79.63,user_11,-16.23,23.89,-45.24,1.4165229345053376e-07
5,toward_cluster,0,1.5,53.62,26.1,14,64.07,-79.63,user_12,10.88,13.35,-41.31,1.6048618078912114e-07
5,toward_cluster,0,1.5,53.62,26.1,14,64.07,-79.63,user_13,20.4,8.32,-46.95,1.8314035798994155e-07
5,toward_cluster,0,1.5,53.62,26.1,14,64.07,-79.63,user_14,9.57,2.59,-45.39,1.908716882326189e-07
5,toward_cluster,1,1.56,41.27,26.1,14,56.29,-78.69,user_1,13.8,25.65,-39.78,1.0542746764485855e-07
5,toward_cluster,1,1.56,41.27,26.1,14,56.29,-78.69,user_2,5.42,37.87,-36.29,8.383147331869623e-08
5,toward_cluster,1,1.56,41.27,26.1,14,56.29,-78.69,user_3,25.13,28.78,-50.78,1.2103849655886734e-07
5,toward_cluster,1,1.56,41.27,26.1,14,56.29,-78.69,user_4,19.02,40.59,-35.95,1.006498351330265e-07
5,toward_cluster,1,1.56,41.27,26.1,14,56.29,-78.69,user_5,12.44,35.37,-44.22,9.185705351910656e-08
5,toward_cluster,1,1.56,41.27,26.1,14,56.29,-78.69,user_6,-18.63,20.19,-50.35,1.2733075038795505e-07
5,toward_cluster,1,1.56,41.27,26.1,14,56.29,-78.69,user_7,-20.23,16.84,-51.9,1.3658987541020906e-07
5,toward_cluster,1,1.56,41.27,26.1,14,56.29,-78.69,user_8,-18.51,12.37,-52.3,1.4320644936560711e-07
5,toward_cluster,1,1.56,41.27,26.1,14,56.29,-78.69,user_9,-13.15,27.75,-41.23,1.0571058339792216e-07
5,toward_cluster,1,1.56,41.27,26.1,14,56.29,-78.69,user_10,-6.74,24.74,-39.3,1.026646572199752e-07
5,toward_cluster,1,1.56,41.27,26.1,14,56.29,-78.69,user_11,-16.23,23.89,-49.78,1.1668586807900283e-07
5,toward_cluster,1,1.56,41.27,26.1,14,56.29,-78.69,user_12,10.88,13.35,-39.24,1.279577617196992e-07
5,toward_cluster,1,1.56,41.27,26.1,14,56.29,-78.69,user_13,20.4,8.32,-53.34,1.5087307758676616e-07
5,toward_cluster,1,1.56,41.27,26.1,14,56.29,-78.69,user_14,9.57,2.59,-45.44,1.5522248020261031e-07
5,toward_cluster,2,1.6,33.86,26.1,14,78.09,-79.09,user_1,13.8,25.65,-33.54,9.559996527741532e-08
5,toward_cluster,2,1.6,33.86,26.1,14,78.09,-79.09,user_2,5.42,37.87,-42.23,8.411058161073015e-08
5,toward_cluster,2,1.6,33.86,26.1,14,78.09,-79.09,user_3,25.13,28.78,-38.4,1.1480747019732007e-07
5,toward_cluster,2,1.6,33.86,26.1,14,78.09,-79.09,user_4,19.02,40.59,-48.49,1.0302267838824264e-07
5,toward_cluster,2,1.6,33.86,26.1,14,78.09,-79.09,user_5,12.44,35.37,-32.99,8.981150756426359e-08
5,toward_cluster,2,1.6,33.86,26.1,14,78.09,-79.09,user_6,-18.63,20.19,-39.44,1.1561168378193543e-07
5,toward_cluster,2,1.6,33.86,26.1,14,78.09,-79.09,user_7,-20.23,16.84,-40.43,1.2352636247214832e-07
5,toward_cluster,2,1.6,33.86,26.1,14,78.09,-79.09,user_8,-18.51,12.37,-41.47,1.279509547202906e-07
5,toward_cluster,2,1.6,33.86,26.1,14,78.09,-79.09,user_9,-13.15,27.75,-33.49,9.782329613017282e-08
5,toward_cluster,2,1.6,33.86,26.1,14,78.09,-79.09,user_10,-6.74,24.74,-33.4,9.182953419895057e-08
5,toward_cluster,2,1.6,33.86,26.1,14,78.09,-79.09,user_11,-16.23,23.89,-38.59,1.0666072824960793e-07
5,toward_cluster,2,1.6,33.86,26.1,14,78.09,-79.09,user_12,10.88,13.35,-33.81,1.1122941856456237e-07
5,toward_cluster,2,1.6,33.86,26.1,14,78.09,-79.09,user_13,20.4,8.32,-43.6,1.338789985538824e-07
5,toward_cluster,2,1.6,33.86,26.1,14,78.09,-79.09,user_14,9.57,2.59,-39.82,1.3535033360767557e-07
5,toward_cluster,3,1.62,29.41,26.1,14,78.67,-78.64,user_1,13.8,25.65,-33.53,9.241892229283621e-08
5,toward_cluster,3,1.62,29.41,26.1,14,78.67,-78.64,user_2,5.42,37.87,-38.1,8.769446679934845e-08
5,toward_cluster,3,1.62,29.41,26.1,14,78.67,-78.64,user_3,25.13,28.78,-38.7,1.1352341999781856e-07
5,toward_cluster,3,1.62,29.41,26.1,14,78.67,-78.64,user_4,19.02,40.59,-45.39,1.072040092253701e-07
5,toward_cluster,3,1.62,29.41,26.1,14,78.67,-78.64,user_5,12.44,35.37,-33.43,9.182129190321575e-08
5,toward_cluster,3,1.62,29.41,26.1,14,78.67,-78.64,user_6,-18.63,20.19,-38.93,1.106422971020038e-07
5,toward_cluster,3,1.62,29.41,26.1,14,78.67,-78.64,user_7,-20.23,16.84,-39.54,1.1748785766485526e-07
5,toward_cluster,3,1.62,29.41,26.1,14,78.67,-78.64,user_8,-18.51,12.37,-40.92,1.203024027063293e-07
5,toward_cluster,3,1.62,29.41,26.1,14,78.67,-78.64,user_9,-13.15,27.75,-33.5,9.587101601482573e-08
5,toward_cluster,3,1.62,29.41,26.1,14,78.67,-78.64,user_10,-6.74,24.74,-33.38,8.805450590898545e-08
5,toward_cluster,3,1.62,29.41,26.1,14,78.67,-78.64,user_11,-16.23,23.89,-38.3,1.0304123065907334e-07
5,toward_cluster,3,1.62,29.41,26.1,14,78.67,-78.64,user_12,10.88,13.35,-33.58,1.0274808914800815e-07
5,toward_cluster,3,1.62,29.41,26.1,14,78.67,-78.64,user_13,20.4,8.32,-43.16,1.2492571954680898e-07
5,toward_cluster,3,1.62,29.41,26.1,14,78.67,-78.64,user_14,9.57,2.59,-39.59,1.2425766726664733e-07
5,toward_cluster,4,1.63,26.74,26.1,14,78.82,-78.59,user_1,13.8,25.65,-33.5,9.162131675566343e-08
5,toward_cluster,4,1.63,26.74,26.1,14,78.82,-78.59,user_2,5.42,37.87,-37.86,9.094751618476948e-08
5,toward_cluster,4,1.63,26.74,26.1,14,78.82,-78.59,user_3,25.13,28.78,-38.9,1.1368477004225497e-07
5,toward_cluster,4,1.63,26.74,26.1,14,78.82,-78.59,user_4,19.02,40.59,-44.3,1.1060024718290151e-07
5,toward_cluster,4,1.63,26.74,26.1,14,78.82,-78.59,user_5,12.44,35.37,-33.49,9.413914625611142e-08
5,toward_cluster,4,1.63,26.74,26.1,14,78.82,-78.59,user_6,-18.63,20.19,-38.76,1.0852526344251601e-07
5,toward_cluster,4,1.63,26.74,26.1,14,78.82,-78.59,user_7,-20.23,16.84,-39.14,1.1463300353398154e-07
5,toward_cluster,4,1.63,26.74,26.1,14,78.82,-78.59,user_8,-18.51,12.37,-40.49,1.1637879993031675e-07
5,toward_cluster,4,1.63,26.74,26.1,14,78.82,-78.59,user_9,-13.15,27.75,-33.48,9.57874135565362e-08
5,toward_cluster,4,1.63,26.74,26.1,14,78.82,-78.59,user_10,-6.74,24.74,-33.15,8.693277209204098e-08
5,toward_cluster,4,1.63,26.74,26.1,14,78.82,-78.59,user_11,-16.23,23.89,-38.02,1.0184701437765398e-07
5,toward_cluster,4,1.63,26.74,26.1,14,78.82,-78.59,user_12,10.88,13.35,-33.51,9.838809944540117e-08
5,toward_cluster,4,1.63,26.74,26.1,14,78.82,-78.59,user_13,20.4,8.32,-42.64,1.201186989874259e-07
5,toward_cluster,4,1.63,26.74,26.1,14,78.82,-78.59,user_14,9.57,2.59,-39.43,1.1799996002537227e-07
5,toward_cluster,5,1.64,25.14,26.1,14,79.52,-78.62,user_1,13.8,25.65,-33.41,9.155017011153177e-08
5,toward_cluster,5,1.64,25.14,26.1,14,79.52,-78.62,user_2,5.42,37.87,-37.92,9.324899252760588e-08
5,toward_cluster,5,1.64,25.14,26.1,14,79.52,-78.62,user_3,25.13,28.78,-39.05,1.1410571687520132e-07
5,toward_cluster,5,1.64,25.14,26.1,14,79.52,-78.62,user_4,19.02,40.59,-43.9,1.1291659518519737e-07
5,toward_cluster,5,1.64,25.14,26.1,14,79.52,-78.62,user_5,12.44,35.37,-33.55,9.589331284587388e-08
5,toward_cluster,5,1.64,25.14,26.1,14,79.52,-78.62,user_6,-18.63,20.19,-38.56,1.075988720344867e-07
5,toward_cluster,5,1.64,25.14,26.1,14,79.52,-78.62,user_7,-20.23,16.84,-38.89,1.132324527475248e-07
5,toward_cluster,5,1.64,25.14,26.1,14,79.52,-78.62,user_8,-18.51,12.37,-40.23,1.143037735573671e-07
5,toward_cluster,5,1.64,25.14,26.1,14,79.52,-78.62,user_9,-13.15,27.75,-33.5,9.614033302796088e-08
5,toward_cluster,5,1.64,25.14,26.1,14,79.52,-78.62,user_10,-6.74,24.74,-33.17,8.669743323252987e-08
5,toward_cluster,5,1.64,25.14,26.1,14,79.52,-78.62,user_11,-16.23,23.89,-37.95,1.0150762363991817e-07
5,toward_cluster,5,1.64,25.14,26.1,14,79.52,-78.62,user_12,10.88,13.35,-33.5,9.607234829900335e-08
5,toward_cluster,5,1.64,25.14,26.1,14,79.52,-78.62,user_13,20.4,8.32,-42.32,1.1746050887495585e-07
5,toward_cluster,5,1.64,25.14,26.1,14,79.52,-78.62,user_14,9.57,2.59,-40.14,1.1441526481803521e-07
5,toward_cluster,6,1.65,24.18,26.1,14,79.4,-78.69,user_1,13.8,25.65,-33.41,9.165084691176162e-08
5,toward_cluster,6,1.65,24.18,26.1,14,79.4,-78.69,user_2,5.42,37.87,-38.01,9.474565132450152e-08
5,toward_cluster,6,1.65,24.18,26.1,14,79.4,-78.69,user_3,25.13,28.78,-39.15,1.1446792314018239e-07
5,toward_cluster,6,1.65,24.18,26.1,14,79.4,-78.69,user_4,19.02,40.59,-43.56,1.1439667702006773e-07
5,toward_cluster,6,1.65,24.18,26.1,14,79.4,-78.69,user_5,12.44,35.37,-33.58,9.706658232744303e-08
5,toward_cluster,6,1.65,24.18,26.1,14,79.4,-78.69,user_6,-18.63,20.19,-38.46,1.071752677717086e-07
5,toward_cluster,6,1.65,24.18,26.1,14,79.4,-78.69,user_7,-20.23,16.84,-38.89,1.1251398746026098e-07
5,toward_cluster,6,1.65,24.18,26.1,14,79.4,-78.69,user_8,-18.51,12.37,-40.06,1.1316928549831573e-07
5,toward_cluster,6,1.65,24.18,26.1,14,79.4,-78.69,user_9,-13.15,27.75,-33.52,9.650009502593093e-08
5,toward_cluster,6,1.65,24.18,26.1,14,79.4,-78.69,user_10,-6.74,24.74,-33.14,8.671804607729428e-08
5,toward_cluster,6,1.65,24.18,26.1,14,79.4,-78.69,user_11,-16.23,23.89,-37.93,1.0144618300955699e-07
5,toward_cluster,6,1.65,24.18,26.1,14,79.4,-78.69,user_12,10.88,13.35,-33.46,9.479570906023582e-08
5,toward_cluster,6,1.65,24.18,26.1,14,79.4,-78.69,user_13,20.4,8.32,-42.09,1.1594710258577834e-07
5,toward_cluster,6,1.65,24.18,26.1,14,79.4,-78.69,user_14,9.57,2.59,-40.11,1.1232815211315028e-07
5,toward_cluster,7,1.65,23.6,26.1,14,79.37,-78.72,user_1,13.8,25.65,-33.49,9.17746945106046e-08
5,toward_cluster,7,1.65,23.6,26.1,14,79.37,-78.72,user_2,5.42,37.87,-38.07,9.569312453550083e-08
5,toward_cluster,7,1.65,23.6,26.1,14,79.37,-78.72,user_3,25.13,28.78,-39.89,1.147432797665715e-07
5,toward_cluster,7,1.65,23.6,26.1,14,79.37,-78.72,user_4,19.02,40.59,-43.47,1.1533491317550215e-07
5,toward_cluster,7,1.65,23.6,26.1,14,79.37,-78.72,user_5,12.44,35.37,-33.55,9.782684884385162e-08
5,toward_cluster,7,1.65,23.6,26.1,14,79.37,-78.72,user_6,-18.63,20.19,-38.41,1.0695224261780822e-07
5,toward_cluster,7,1.65,23.6,26.1,14,79.37,-78.72,user_7,-20.23,16.84,-38.8,1.1210889283574943e-07
5,toward_cluster,7,1.65,23.6,26.1,14,79.37,-78.72,user_8,-18.51,12.37,-39.96,1.1251044185200954e-07
5,toward_cluster,7,1.65,23.6,26.1,14,79.37,-78.72,user_9,-13.15,27.75,-33.49,9.675787282503734e-08
5,toward_cluster,7,1.65,23.6,26.1,14,79.37,-78.72,user_10,-6.74,24.74,-33.17,8.678127727534957e-08
5,toward_cluster,7,1.65,23.6,26.1,14,79.37,-78.72,user_11,-16.23,23.89,-37.95,1.0144618300955699e-07
5,toward_cluster,7,1.65,23.6,26.1,14,79.37,-78.72,user_12,10.88,13.35,-33.45,9.407544609985052e-08
5,toward_cluster,7,1.65,23.6,26.1,14,79.37,-78.72,user_13,20.4,8.32,-41.94,1.1507724195780611e-07
5,toward_cluster,7,1.65,23.6,26.1,14,79.37,-78.72,user_14,9.57,2.59,-40.05,1.110976910467798e-07
6,greedy_exploration,0,-31.72,57.48,33.84,12,64.61,-79.82,user_1,59.96,42.71,-46.32,3.280014198026038e-07
6,greedy_exploration,0,-31.72,57.48,33.84,12,64.61,-79.82,user_2,58.56,27.12,-51.73,3.3552774425515963e-07
6,greedy_exploration,0,-31.72,57.48,33.84,12,64.61,-79.82,user_3,41.7,41.76,-47.14,2.726973775679653e-07
6,greedy_exploration,0,-31.72,57.48,33.84,12,64.61,-79.82,user_4,-6.79,29.99,-47.19,1.6419622284047364e-07
6,greedy_exploration,0,-31.72,57.48,33.84,12,64.61,-79.82,user_5,-9.97,20.59,-49.28,1.7900337923038023e-07
6,greedy_exploration,0,-31.72,57.48,33.84,12,64.61,-79.82,user_6,-8.52,34.1,-47.07,1.5397297659092146e-07
6,greedy_exploration,0,-31.72,57.48,33.84,12,64.61,-79.82,user_7,-12.3,30.4,-48.91,1.5489511895339092e-07
6,greedy_exploration,0,-31.72,57.48,33.84,12,64.61,-79.82,user_8,29.07,46.38,-43.41,2.3264774995368498e-07
6,greedy_exploration,0,-31.72,57.48,33.84,12,64.61,-79.82,user_9,37.4,37.24,-58.25,2.6334893732382625e-07
6,greedy_exploration,0,-31.72,57.48,33.84,12,64.61,-79.82,user_10,27.92,39.35,-45.74,2.342442115832455e-07
6,greedy_exploration,0,-31.72,57.48,33.84,12,64.61,-79.82,user_11,34.07,44.42,-46.26,2.4838237777657923e-07
6,greedy_exploration,0,-31.72,57.48,33.84,12,64.61,-79.82,user_12,40.82,49.91,-44.55,2.661254541180824e-07
6,greedy_exploration,1,-34.5,65.9,34.72,12,63.18,-80.53,user_1,59.96,42.71,-46.89,3.428421564422024e-07
6,greedy_exploration,1,-34.5,65.9,34.72,12,63.18,-80.53,user_2,58.56,27.12,-52.78,3.540750981301244e-07
6,greedy_exploration,1,-34.5,65.9,34.72,12,63.18,-80.53,user_3,41.7,41.76,-45.56,2.8873526503048197e-07
6,greedy_exploration,1,-34.5,65.9,34.72,12,63.18,-80.53,user_4,-6.79,29.99,-47.94,1.8753721064967976e-07
6,greedy_exploration,1,-34.5,65.9,34.72,12,63.18,-80.53,user_5,-9.97,20.59,-51.03,2.0449097348773648e-07
6,greedy_exploration,1,-34.5,65.9,34.72,12,63.18,-80.53,user_6,-8.52,34.1,-47.66,1.761827661539428e-07
6,greedy_exploration,1,-34.5,65.9,34.72,12,63.18,-80.53,user_7,-12.3,30.4,-50.88,1.7828239151640446e-07
6,greedy_exploration,1,-34.5,65.9,34.72,12,63.18,-80.53,user_8,29.07,46.38,-44.11,2.479559952917043e-07
6,greedy_exploration,1,-34.5,65.9,34.72,12,63.18,-80.53,user_9,37.4,37.24,-56.78,2.80958659004682e-07
6,greedy_exploration,1,-34.5,65.9,34.72,12,63.18,-80.53,user_10,27.92,39.35,-46.37,2.519397526157263e-07
6,greedy_exploration,1,-34.5,65.9,34.72,12,63.18,-80.53,user_11,34.07,44.42,-46.79,2.640598211200995e-07
6,greedy_exploration,1,-34.5,65.9,34.72,12,63.18,-80.53,user_12,40.82,49.91,-47.29,2.797239062601875e-07
6,greedy_exploration,2,-42.74,75.63,33.79,12,60.36,-80.77,user_1,59.96,42.71,-47.78,3.755176010145078e-07
6,greedy_exploration,2,-42.74,75.63,33.79,12,60.36,-80.77,user_2,58.56,27.12,-57.73,3.898214515629661e-07
6,greedy_exploration,2,-42.74,75.63,33.79,12,60.36,-80.77,user_3,41.7,41.76,-46.63,3.220221742594731e-07
6,greedy_exploration,2,-42.74,75.63,33.79,12,60.36,-80.77,user_4,-6.79,29.99,-49.39,2.2171491309563862e-07
6,greedy_exploration,2,-42.74,75.63,33.79,12,60.36,-80.77,user_5,-9.97,20.59,-52.85,2.3928237169457134e-07
6,greedy_exploration,2,-42.74,75.63,33.79,12,60.36,-80.77,user_6,-8.52,34.1,-48.94,2.09333549605617e-07
6,greedy_exploration,2,-42.74,75.63,33.79,12,60.36,-80.77,user_7,-12.3,30.4,-51.93,2.1135937799954263e-07
6,greedy_exploration,2,-42.74,75.63,33.79,12,60.36,-80.77,user_8,29.07,46.38,-45.25,2.8017163344884466e-07
6,greedy_exploration,2,-42.74,75.63,33.79,12,60.36,-80.77,user_9,37.4,37.24,-56.66,3.1536990263703046e-07
6,greedy_exploration,2,-42.74,75.63,33.79,12,60.36,-80.77,user_10,27.92,39.35,-47.48,2.8600507562259736e-07
6,greedy_exploration,2,-42.74,75.63,33.79,12,60.36,-80.77,user_11,34.07,44.42,-47.8,2.967873911075003e-07
6,greedy_exploration,2,-42.74,75.63,33.79,12,60.36,-80.77,user_12,40.82,49.91,-48.21,3.10885241106007e-07
6,greedy_exploration,3,-40.68,81.22,32.27,12,60.28,-80.85,user_1,59.96,42.71,-47.85,3.738035161404696e-07
6,greedy_exploration,3,-40.68,81.22,32.27,12,60.28,-80.85,user_2,58.56,27.12,-57.01,3.907426844307338e-07
6,greedy_exploration,3,-40.68,81.22,32.27,12,60.28,-80.85,user_3,41.7,41.76,-46.75,3.215106403331447e-07
6,greedy_exploration,3,-40.68,81.22,32.27,12,60.28,-80.85,user_4,-6.79,29.99,-49.47,2.2916212571999495e-07
6,greedy_exploration,3,-40.68,81.22,32.27,12,60.28,-80.85,user_5,-9.97,20.59,-53.38,2.4885522975637286e-07
6,greedy_exploration,3,-40.68,81.22,32.27,12,60.28,-80.85,user_6,-8.52,34.1,-48.86,2.1620905954478076e-07
6,greedy_exploration,3,-40.68,81.22,32.27,12,60.28,-80.85,user_7,-12.3,30.4,-53.17,2.1961820095839357e-07
6,greedy_exploration,3,-40.68,81.22,32.27,12,60.28,-80.85,user_8,29.07,46.38,-47.3,2.7959120529885695e-07
6,greedy_exploration,3,-40.68,81.22,32.27,12,60.28,-80.85,user_9,37.4,37.24,-55.44,3.160512278554961e-07
6,greedy_exploration,3,-40.68,81.22,32.27,12,60.28,-80.85,user_10,27.92,39.35,-47.52,2.8705608201562427e-07
6,greedy_exploration,3,-40.68,81.22,32.27,12,60.28,-80.85,user_11,34.07,44.42,-47.8,2.96264175858596e-07
6,greedy_exploration,3,-40.68,81.22,32.27,12,60.28,-80.85,user_12,40.82,49.91,-48.15,3.087830577896966e-07
6,greedy_exploration,4,-29.42,70.9,33.44,12,62.6,-80.16,user_1,59.96,42.71,-46.73,3.302726270248968e-07
6,greedy_exploration,4,-29.42,70.9,33.44,12,62.6,-80.16,user_2,58.56,27.12,-56.35,3.446756977609766e-07
6,greedy_exploration,4,-29.42,70.9,33.44,12,62.6,-80.16,user_3,41.7,41.76,-45.42,2.776278904548235e-07
6,greedy_exploration,4,-29.42,70.9,33.44,12,62.6,-80.16,user_4,-6.79,29.99,-46.73,1.8886647978888504e-07
6,greedy_exploration,4,-29.42,70.9,33.44,12,62.6,-80.16,user_5,-9.97,20.59,-53.29,2.09098729442303e-07
6,greedy_exploration,4,-29.42,70.9,33.44,12,62.6,-80.16,user_6,-8.52,34.1,-46.1,1.7685862019334309e-07
6,greedy_exploration,4,-29.42,70.9,33.44,12,62.6,-80.16,user_7,-12.3,30.4,-53.25,1.8127936129985756e-07
6,greedy_exploration,4,-29.42,70.9,33.44,12,62.6,-80.16,user_8,29.07,46.38,-45.85,2.368651195183702e-07
6,greedy_exploration,4,-29.42,70.9,33.44,12,62.6,-80.16,user_9,37.4,37.24,-54.75,2.713594824399479e-07
6,greedy_exploration,4,-29.42,70.9,33.44,12,62.6,-80.16,user_10,27.92,39.35,-46.07,2.429171388484974e-07
6,greedy_exploration,4,-29.42,70.9,33.44,12,62.6,-80.16,user_11,34.07,44.42,-46.42,2.5298882633251196e-07
6,greedy_exploration,4,-29.42,70.9,33.44,12,62.6,-80.16,user_12,40.82,49.91,-46.94,2.6673450292946654e-07
6,greedy_exploration,5,-39.46,70.33,33.57,12,62.21,-80.74,user_1,59.96,42.71,-47.36,3.604296239245741e-07
6,greedy_exploration,5,-39.46,70.33,33.57,12,62.21,-80.74,user_2,58.56,27.12,-57.61,3.7298832467058674e-07
6,greedy_exploration,5,-39.46,70.33,33.57,12,62.21,-80.74,user_3,41.7,41.76,-46.12,3.062924349706009e-07
6,greedy_exploration,5,-39.46,70.33,33.57,12,62.21,-80.74,user_4,-6.79,29.99,-48.4,2.0353229501779424e-07
6,greedy_exploration,5,-39.46,70.33,33.57,12,62.21,-80.74,user_5,-9.97,20.59,-51.58,2.205616169703717e-07
6,greedy_exploration,5,-39.46,70.33,33.57,12,62.21,-80.74,user_6,-8.52,34.1,-48.69,1.9157099018229928e-07
6,greedy_exploration,5,-39.46,70.33,33.57,12,62.21,-80.74,user_7,-12.3,30.4,-51.13,1.9336809486958373e-07
6,greedy_exploration,5,-39.46,70.33,33.57,12,62.21,-80.74,user_8,29.07,46.38,-44.71,2.64725684928635e-07
6,greedy_exploration,5,-39.46,70.33,33.57,12,62.21,-80.74,user_9,37.4,37.24,-56.81,2.989242773310252e-07
6,greedy_exploration,5,-39.46,70.33,33.57,12,62.21,-80.74,user_10,27.92,39.35,-46.96,2.69512952399964e-07
6,greedy_exploration,5,-39.46,70.33,33.57,12,62.21,-80.74,user_11,34.07,44.42,-47.33,2.8119421813244116e-07
6,greedy_exploration,5,-39.46,70.33,33.57,12,62.21,-80.74,user_12,40.82,49.91,-47.79,2.962969176678598e-07
6,greedy_exploration,6,-37.22,80.58,33.5,12,61.29,-80.86,user_1,59.96,42.71,-47.66,3.6390738955560664e-07
6,greedy_exploration,6,-37.22,80.58,33.5,12,61.29,-80.86,user_2,58.56,27.12,-56.65,3.8113662981231755e-07
6,greedy_exploration,6,-37.22,80.58,33.5,12,61.29,-80.86,user_3,41.7,41.76,-46.53,3.1218743856697984e-07
6,greedy_exploration,6,-37.22,80.58,33.5,12,61.29,-80.86,user_4,-6.79,29.99,-48.72,2.2399350996238354e-07
6,greedy_exploration,6,-37.22,80.58,33.5,12,61.29,-80.86,user_5,-9.97,20.59,-53.69,2.4433114731436945e-07
6,greedy_exploration,6,-37.22,80.58,33.5,12,61.29,-80.86,user_6,-8.52,34.1,-48.72,2.111774364266239e-07
6,greedy_exploration,6,-37.22,80.58,33.5,12,61.29,-80.86,user_7,-12.3,30.4,-53.23,2.1522093618386862e-07
6,greedy_exploration,6,-37.22,80.58,33.5,12,61.29,-80.86,user_8,29.07,46.38,-47.03,2.7074239028479496e-07
6,greedy_exploration,6,-37.22,80.58,33.5,12,61.29,-80.86,user_9,37.4,37.24,-55.09,3.069967533519957e-07
6,greedy_exploration,6,-37.22,80.58,33.5,12,61.29,-80.86,user_10,27.92,39.35,-47.26,2.784237835840031e-07
6,greedy_exploration,6,-37.22,80.58,33.5,12,61.29,-80.86,user_11,34.07,44.42,-47.53,2.8721029821099364e-07
6,greedy_exploration,6,-37.22,80.58,33.5,12,61.29,-80.86,user_12,40.82,49.91,-47.95,2.9937055501250143e-07
6,greedy_exploration,7,-24.73,69.32,33.22,12,63.03,-80.16,user_1,59.96,42.71,-46.32,3.14447561322595e-07
6,greedy_exploration,7,-24.73,69.32,33.22,12,63.03,-80.16,user_2,58.56,27.12,-56.02,3.2893245816012495e-07
6,greedy_exploration,7,-24.73,69.32,33.22,12,63.03,-80.16,user_3,41.7,41.76,-44.95,2.6219615278932906e-07
6,greedy_exploration,7,-24.73,69.32,33.22,12,63.03,-80.16,user_4,-6.79,29.99,-45.84,1.7884917724586558e-07
6,greedy_exploration,7,-24.73,69.32,33.22,12,63.03,-80.16,user_5,-9.97,20.59,-47.07,2.001003309715088e-07
6,greedy_exploration,7,-24.73,69.32,33.22,12,63.03,-80.16,user_6,-8.52,34.1,-45.85,1.6709432770767307e-07
6,greedy_exploration,7,-24.73,69.32,33.22,12,63.03,-80.16,user_7,-12.3,30.4,-45.86,1.7253454132060142e-07
6,greedy_exploration,7,-24.73,69.32,33.22,12,63.03,-80.16,user_8,29.07,46.38,-45.28,2.2193525239799783e-07
6,greedy_exploration,7,-24.73,69.32,33.22,12,63.03,-80.16,user_9,37.4,37.24,-54.17,2.5611601017772045e-07
6,greedy_exploration,7,-24.73,69.32,33.22,12,63.03,-80.16,user_10,27.92,39.35,-45.52,2.281047244423462e-07
6,greedy_exploration,7,-24.73,69.32,33.22,12,63.03,-80.16,user_11,34.07,44.42,-45.88,2.378292691673778e-07
6,greedy_exploration,7,-24.73,69.32,33.22,12,63.03,-80.16,user_12,40.82,49.91,-46.42,2.513867229936295e-07
7,toward_cluster,0,7.2,-14.28,25.63,11,82.27,-78.6,user_1,5.26,5.25,-39.08,1.0375083547842223e-07
7,toward_cluster,0,7.2,-14.28,25.63,11,82.27,-78.6,user_2,18.04,0.35,-39.84,1.0083346779765634e-07
7,toward_cluster,0,7.2,-14.28,25.63,11,82.27,-78.6,user_3,21.21,-0.65,-41.76,1.0358299817880834e-07
7,toward_cluster,0,7.2,-14.28,25.63,11,82.27,-78.6,user_4,18.17,-3.54,-40.23,9.539846956840847e-08
7,toward_cluster,0,7.2,-14.28,25.63,11,82.27,-78.6,user_5,19.61,-0.93,-40.31,1.0087142499060064e-07
7,toward_cluster,0,7.2,-14.28,25.63,11,82.27,-78.6,user_6,34.31,32.86,-53.04,1.9844648591060832e-07
7,toward_cluster,0,7.2,-14.28,25.63,11,82.27,-78.6,user_7,18.56,30.74,-48.85,1.7454381406878383e-07
7,toward_cluster,0,7.2,-14.28,25.63,11,82.27,-78.6,user_8,21.98,32.44,-48.53,1.8219633091121068e-07
7,toward_cluster,0,7.2,-14.28,25.63,11,82.27,-78.6,user_9,27.32,19.28,-43.79,1.5334317993165314e-07
7,toward_cluster,0,7.2,-14.28,25.63,11,82.27,-78.6,user_10,35.56,25.65,-51.71,1.821196065066033e-07
7,toward_cluster,0,7.2,-14.28,25.63,11,82.27,-78.6,user_11,23.27,29.14,-43.55,1.7415105446616508e-07
7,toward_cluster,1,13.17,-2.36,25.63,11,83.82,-77.77,user_1,5.26,5.25,-36.12,8.842513210538527e-08
7,toward_cluster,1,13.17,-2.36,25.63,11,83.82,-77.77,user_2,18.04,0.35,-35.71,8.260799688741827e-08
7,toward_cluster,1,13.17,-2.36,25.63,11,83.82,-77.77,user_3,21.21,-0.65,-36.59,8.503088366751399e-08
7,toward_cluster,1,13.17,-2.36,25.63,11,83.82,-77.77,user_4,18.17,-3.54,-35.69,8.229298487094638e-08
7,toward_cluster,1,13.17,-2.36,25.63,11,83.82,-77.77,user_5,19.61,-0.93,-36.41,8.344273538796187e-08
7,toward_cluster,1,13.17,-2.36,25.63,11,83.82,-77.77,user_6,34.31,32.86,-49.24,1.5891117755018058e-07
7,toward_cluster,1,13.17,-2.36,25.63,11,83.82,-77.77,user_7,18.56,30.74,-45.54,1.3781158259007498e-07
7,toward_cluster,1,13.17,-2.36,25.63,11,83.82,-77.77,user_8,21.98,32.44,-40.03,1.4427997996335762e-07
7,toward_cluster,1,13.17,-2.36,25.63,11,83.82,-77.77,user_9,27.32,19.28,-38.76,1.1796898036209313e-07
7,toward_cluster,1,13.17,-2.36,25.63,11,83.82,-77.77,user_10,35.56,25.65,-47.23,1.4417261695598427e-07
7,toward_cluster,1,13.17,-2.36,25.63,11,83.82,-77.77,user_11,23.27,29.14,-39.65,1.365787767326765e-07
7,toward_cluster,2,16.75,4.79,25.63,11,83.0,-77.77,user_1,5.26,5.25,-35.66,8.916140359360725e-08
7,toward_cluster,2,16.75,4.79,25.63,11,83.0,-77.77,user_2,18.04,0.35,-36.24,8.195328149440684e-08
7,toward_cluster,2,16.75,4.79,25.63,11,83.0,-77.77,user_3,21.21,-0.65,-36.46,8.383959482216596e-08
7,toward_cluster,2,16.75,4.79,25.63,11,83.0,-77.77,user_4,18.17,-3.54,-36.62,8.528172656951938e-08
7,toward_cluster,2,16.75,4.79,25.63,11,83.0,-77.77,user_5,19.61,-0.93,-36.39,8.326783529355453e-08
7,toward_cluster,2,16.75,4.79,25.63,11,83.0,-77.77,user_6,34.31,32.86,-47.0,1.3666098652720393e-07
7,toward_cluster,2,16.75,4.79,25.63,11,83.0,-77.77,user_7,18.56,30.74,-36.26,1.18353476352695e-07
7,toward_cluster,2,16.75,4.79,25.63,11,83.0,-77.77,user_8,21.98,32.44,-38.9,1.23649826377914e-07
7,toward_cluster,2,16.75,4.79,25.63,11,83.0,-77.77,user_9,27.32,19.28,-37.56,1.0028813335338782e-07
7,toward_cluster,2,16.75,4.79,25.63,11,83.0,-77.77,user_10,35.56,25.65,-45.24,1.235184043935078e-07
7,toward_cluster,2,16.75,4.79,25.63,11,83.0,-77.77,user_11,23.27,29.14,-38.48,1.1639855301837088e-07
7,toward_cluster,3,18.9,9.08,25.63,11,81.77,-77.54,user_1,5.26,5.25,-37.41,9.333689376944676e-08
7,toward_cluster,3,18.9,9.08,25.63,11,81.77,-77.54,user_2,18.04,0.35,-36.66,8.56428172824053e-08
7,toward_cluster,3,18.9,9.08,25.63,11,81.77,-77.54,user_3,21.21,-0.65,-36.83,8.712766685903262e-08
7,toward_cluster,3,18.9,9.08,25.63,11,81.77,-77.54,user_4,18.17,-3.54,-37.23,9.086509322742131e-08
7,toward_cluster,3,18.9,9.08,25.63,11,81.77,-77.54,user_5,19.61,-0.93,-36.83,8.717204735830819e-08
7,toward_cluster,3,18.9,9.08,25.63,11,81.77,-77.54,user_6,34.31,32.86,-44.46,1.2414739103405736e-07
7,toward_cluster,3,18.9,9.08,25.63,11,81.77,-77.54,user_7,18.56,30.74,-35.52,1.0816573592364875e-07
7,toward_cluster,3,18.9,9.08,25.63,11,81.77,-77.54,user_8,21.98,32.44,-35.94,1.1249731812768005e-07
7,toward_cluster,3,18.9,9.08,25.63,11,81.77,-77.54,user_9,27.32,19.28,-35.85,9.17873137495917e-08
7,toward_cluster,3,18.9,9.08,25.63,11,81.77,-77.54,user_10,35.56,25.65,-42.5,1.123461146335103e-07
7,toward_cluster,3,18.9,9.08,25.63,11,81.77,-77.54,user_11,23.27,29.14,-35.74,1.0568020769596842e-07
7,toward_cluster,4,20.19,11.65,25.63,11,76.93,-78.14,user_1,5.26,5.25,-51.8,9.702770142894224e-08
7,toward_cluster,4,20.19,11.65,25.63,11,76.93,-78.14,user_2,18.04,0.35,-37.05,8.916644844703114e-08
7,toward_cluster,4,20.19,11.65,25.63,11,76.93,-78.14,user_3,21.21,-0.65,-37.18,9.040677184657397e-08
7,toward_cluster,4,20.19,11.65,25.63,11,76.93,-78.14,user_4,18.17,-3.54,-37.69,9.534760891938276e-08
7,toward_cluster,4,20.19,11.65,25.63,11,76.93,-78.14,user_5,19.61,-0.93,-37.23,9.079131757516734e-08
7,toward_cluster,4,20.19,11.65,25.63,11,76.93,-78.14,user_6,34.31,32.86,-43.98,1.1705652980253944e-07
7,toward_cluster,4,20.19,11.65,25.63,11,76.93,-78.14,user_7,18.56,30.74,-35.36,1.0277573636585657e-07
7,toward_cluster,4,20.19,11.65,25.63,11,76.93,-78.14,user_8,21.98,32.44,-35.77,1.0641085879115053e-07
7,toward_cluster,4,20.19,11.65,25.63,11,76.93,-78.14,user_9,27.32,19.28,-35.76,8.770329884555395e-08
7,toward_cluster,4,20.19,11.65,25.63,11,76.93,-78.14,user_10,35.56,25.65,-41.91,1.0624388835367427e-07
7,toward_cluster,4,20.19,11.65,25.63,11,76.93,-78.14,user_11,23.27,29.14,-35.63,9.993812710717975e-08
7,toward_cluster,5,20.96,13.19,25.63,11,74.95,-78.15,user_1,5.26,5.25,-47.8,9.961177482864514e-08
7,toward_cluster,5,20.96,13.19,25.63,11,74.95,-78.15,user_2,18.04,0.35,-37.32,9.169365711159116e-08
7,toward_cluster,5,20.96,13.19,25.63,11,74.95,-78.15,user_3,21.21,-0.65,-37.43,9.279228407876872e-08
7,toward_cluster,5,20.96,13.19,25.63,11,74.95,-78.15,user_4,18.17,-3.54,-37.99,9.838353065561023e-08
7,toward_cluster,5,20.96,13.19,25.63,11,74.95,-78.15,user_5,19.61,-0.93,-37.49,9.336540074400546e-08
7,toward_cluster,5,20.96,13.19,25.63,11,74.95,-78.15,user_6,34.31,32.86,-43.71,1.1298855895347515e-07
7,toward_cluster,5,20.96,13.19,25.63,11,74.95,-78.15,user_7,18.56,30.74,-35.32,9.984768212234485e-08
7,toward_cluster,5,20.96,13.19,25.63,11,74.95,-78.15,user_8,21.98,32.44,-35.69,1.0301999964212882e-07
7,toward_cluster,5,20.96,13.19,25.63,11,74.95,-78.15,user_9,27.32,19.28,-35.71,8.568082421334111e-08
7,toward_cluster,5,20.96,13.19,25.63,11,74.95,-78.15,user_10,35.56,25.65,-41.55,1.0284752249845042e-07
7,toward_cluster,5,20.96,13.19,25.63,11,74.95,-78.15,user_11,23.27,29.14,-35.58,9.679081358626718e-08
7,toward_cluster,6,21.42,14.12,25.63,11,73.36,-78.16,user_1,5.26,5.25,-47.63,1.0128926675179173e-07
7,toward_cluster,6,21.42,14.12,25.63,11,73.36,-78.16,user_2,18.04,0.35,-37.49,9.335589368220099e-08
7,toward_cluster,6,21.42,14.12,25.63,11,73.36,-78.16,user_3,21.21,-0.65,-37.6,9.43729290270312e-08
7,toward_cluster,6,21.42,14.12,25.63,11,73.36,-78.16,user_4,18.17,-3.54,-38.18,1.0032989194996844e-07
7,toward_cluster,6,21.42,14.12,25.63,11,73.36,-78.16,user_5,19.61,-0.93,-37.66,9.505320264224792e-08
7,toward_cluster,6,21.42,14.12,25.63,11,73.36,-78.16,user_6,34.31,32.86,-43.52,1.1061040794402288e-07
7,toward_cluster,6,21.42,14.12,25.63,11,73.36,-78.16,user_7,18.56,30.74,-35.31,9.819827795354286e-08
7,toward_cluster,6,21.42,14.12,25.63,11,73.36,-78.16,user_8,21.98,32.44,-35.65,1.0107557812943924e-07
7,toward_cluster,6,21.42,14.12,25.63,11,73.36,-78.16,user_9,27.32,19.28,-35.67,8.462885858762093e-08
7,toward_cluster,6,21.42,14.12,25.63,11,73.36,-78.16,user_10,35.56,25.65,-41.22,1.0090726476619238e-07
7,toward_cluster,6,21.42,14.12,25.63,11,73.36,-78.16,user_11,23.27,29.14,-35.56,9.500897135694686e-08
7,toward_cluster,7,21.7,14.68,25.63,11,73.79,-78.23,user_1,5.26,5.25,-46.96,1.0234794700636485e-07
7,toward_cluster,7,21.7,14.68,25.63,11,73.79,-78.23,user_2,18.04,0.35,-37.6,9.440520187808943e-08
7,toward_cluster,7,21.7,14.68,25.63,11,73.79,-78.23,user_3,21.21,-0.65,-37.7,9.53728402919296e-08
7,toward_cluster,7,21.7,14.68,25.63,11,73.79,-78.23,user_4,18.17,-3.54,-38.29,1.0154197838119217e-07
7,toward_cluster,7,21.7,14.68,25.63,11,73.79,-78.23,user_5,19.61,-0.93,-37.77,9.611607509896203e-08
7,toward_cluster,7,21.7,14.68,25.63,11,73.79,-78.23,user_6,34.31,32.86,-43.3,1.0920244619683217e-07
7,toward_cluster,7,21.7,14.68,25.63,11,73.79,-78.23,user_7,18.56,30.74,-35.31,9.725209793032263e-08
7,toward_cluster,7,21.7,14.68,25.63,11,73.79,-78.23,user_8,21.98,32.44,-35.63,9.994421645842522e-08
7,toward_cluster,7,21.7,14.68,25.63,11,73.79,-78.23,user_9,27.32,19.28,-35.65,8.405558560298232e-08
7,toward_cluster,7,21.7,14.68,25.63,11,73.79,-78.23,user_10,35.56,25.65,-41.09,9.977399173521917e-08
7,toward_cluster,7,21.7,14.68,25.63,11,73.79,-78.23,user_11,23.27,29.14,-35.55,9.398065259347277e-08
8,greedy_exploration,0,-13.79,7.86,24.21,20,82.58,-77.6,user_1,57.7,35.72,-56.31,2.6690847221289005e-07
8,greedy_exploration,0,-13.79,7.86,24.21,20,82.58,-77.6,user_2,58.49,52.24,-60.08,3.611061174524366e-07
8,greedy_exploration,0,-13.79,7.86,24.21,20,82.58,-77.6,user_3,46.8,57.91,-56.42,2.7286876047583064e-07
8,greedy_exploration,0,-13.79,7.86,24.21,20,82.58,-77.6,user_4,51.03,39.91,-67.38,3.1542438705400855e-07
8,greedy_exploration,0,-13.79,7.86,24.21,20,82.58,-77.6,user_5,55.84,44.76,-67.98,3.3758655604287924e-07
8,greedy_exploration,0,-13.79,7.86,24.21,20,82.58,-77.6,user_6,59.53,52.02,-60.12,3.6291106653152383e-07
8,greedy_exploration,0,-13.79,7.86,24.21,20,82.58,-77.6,user_7,60.81,-19.95,-49.11,2.7616002284958086e-07
8,greedy_exploration,0,-13.79,7.86,24.21,20,82.58,-77.6,user_8,50.9,-18.87,-47.2,2.454594891787565e-07
8,greedy_exploration,0,-13.79,7.86,24.21,20,82.58,-77.6,user_9,53.86,-14.57,-51.97,2.4951333443823387e-07
8,greedy_exploration,0,-13.79,7.86,24.21,20,82.58,-77.6,user_10,54.72,-36.28,-50.4,2.822059173013258e-07
8,greedy_exploration,0,-13.79,7.86,24.21,20,82.58,-77.6,user_11,54.4,-28.03,-47.18,2.6796871566148184e-07
8,greedy_exploration,0,-13.79,7.86,24.21,20,82.58,-77.6,user_12,48.47,-46.94,-200.0,
8,greedy_exploration,0,-13.79,7.86,24.21,20,82.58,-77.6,user_13,62.04,-31.95,-47.63,2.955530078452284e-07
8,greedy_exploration,0,-13.79,7.86,24.21,20,82.58,-77.6,user_14,62.98,-37.24,-60.48,3.1226784358295845e-07
8,greedy_exploration,0,-13.79,7.86,24.21,20,82.58,-77.6,user_15,56.26,-45.44,-200.0,
8,greedy_exploration,0,-13.79,7.86,24.21,20,82.58,-77.6,user_16,70.0,-38.31,-54.68,3.279832014868589e-07
8,greedy_exploration,0,-13.79,7.86,24.21,20,82.58,-77.6,user_17,-29.4,22.89,-36.91,1.0470496647485561e-07
8,greedy_exploration,0,-13.79,7.86,24.21,20,82.58,-77.6,user_18,-24.77,27.73,-41.84,1.0711102049754118e-07
8,greedy_exploration,0,-13.79,7.86,24.21,20,82.58,-77.6,user_19,-32.07,27.83,-44.2,1.17871536531311e-07
8,greedy_exploration,0,-13.79,7.86,24.21,20,82.58,-77.6,user_20,-28.82,31.22,-41.33,1.196809336079241e-07
8,greedy_exploration,1,-21.15,13.12,25.54,20,78.47,-78.0,user_1,57.7,35.72,-55.22,2.851144529358862e-07
8,greedy_exploration,1,-21.15,13.12,25.54,20,78.47,-78.0,user_2,58.49,52.24,-53.87,3.066400324769347e-07
8,greedy_exploration,1,-21.15,13.12,25.54,20,78.47,-78.0,user_3,46.8,57.91,-56.69,2.8306345711826e-07
8,greedy_exploration,1,-21.15,13.12,25.54,20,78.47,-78.0,user_4,51.03,39.91,-67.91,3.4542608773335814e-07
8,greedy_exploration,1,-21.15,13.12,25.54,20,78.47,-78.0,user_5,55.84,44.76,-68.47,3.6762321542482823e-07
8,greedy_exploration,1,-21.15,13.12,25.54,20,78.47,-78.0,user_6,59.53,52.02,-53.9,3.0934171491026063e-07
8,greedy_exploration,1,-21.15,13.12,25.54,20,78.47,-78.0,user_7,60.81,-19.95,-55.27,3.0551606755579996e-07
8,greedy_exploration,1,-21.15,13.12,25.54,20,78.47,-78.0,user_8,50.9,-18.87,-55.53,2.7491196874507295e-07
8,greedy_exploration,1,-21.15,13.12,25.54,20,78.47,-78.0,user_9,53.86,-14.57,-61.44,2.7850421702169115e-07
8,greedy_exploration,1,-21.15,13.12,25.54,20,78.47,-78.0,user_10,54.72,-36.28,-57.29,3.1245781428879127e-07
8,greedy_exploration,1,-21.15,13.12,25.54,20,78.47,-78.0,user_11,54.4,-28.03,-65.34,2.9795782552355377e-07
8,greedy_exploration,1,-21.15,13.12,25.54,20,78.47,-78.0,user_12,48.47,-46.94,-200.0,
8,greedy_exploration,1,-21.15,13.12,25.54,20,78.47,-78.0,user_13,62.04,-31.95,-66.13,3.2562763863097643e-07
8,greedy_exploration,1,-21.15,13.12,25.54,20,78.47,-78.0,user_14,62.98,-37.24,-200.0,
8,greedy_exploration,1,-21.15,13.12,25.54,20,78.47,-78.0,user_15,56.26,-45.44,-200.0,
8,greedy_exploration,1,-21.15,13.12,25.54,20,78.47,-78.0,user_16,70.0,-38.31,-200.0,
8,greedy_exploration,1,-21.15,13.12,25.54,20,78.47,-78.0,user_17,-29.4,22.89,-35.1,9.082730656473359e-08
8,greedy_exploration,1,-21.15,13.12,25.54,20,78.47,-78.0,user_18,-24.77,27.73,-34.93,9.460985950227041e-08
8,greedy_exploration,1,-21.15,13.12,25.54,20,78.47,-78.0,user_19,-32.07,27.83,-42.1,1.008198324825571e-07
8,greedy_exploration,1,-21.15,13.12,25.54,20,78.47,-78.0,user_20,-28.82,31.22,-35.09,1.0358550639466557e-07
8,greedy_exploration,2,-7.18,13.97,26.6,20,79.25,-79.1,user_1,57.7,35.72,-48.31,2.4312421942340734e-07
8,greedy_exploration,2,-7.18,13.97,26.6,20,79.25,-79.1,user_2,58.49,52.24,-51.79,2.6700035959947854e-07
8,greedy_exploration,2,-7.18,13.97,26.6,20,79.25,-79.1,user_3,46.8,57.91,-47.58,2.468052571202861e-07
8,greedy_exploration,2,-7.18,13.97,26.6,20,79.25,-79.1,user_4,51.03,39.91,-61.86,2.2846820968425163e-07
8,greedy_exploration,2,-7.18,13.97,26.6,20,79.25,-79.1,user_5,55.84,44.76,-59.24,2.48489669729679e-07
8,greedy_exploration,2,-7.18,13.97,26.6,20,79.25,-79.1,user_6,59.53,52.02,-51.85,2.6950732490149676e-07
8,greedy_exploration,2,-7.18,13.97,26.6,20,79.25,-79.1,user_7,60.81,-19.95,-61.35,2.669183345460624e-07
8,greedy_exploration,2,-7.18,13.97,26.6,20,79.25,-79.1,user_8,50.9,-18.87,-57.91,2.3778611080160772e-07
8,greedy_exploration,2,-7.18,13.97,26.6,20,79.25,-79.1,user_9,53.86,-14.57,-61.96,2.398514311607869e-07
8,greedy_exploration,2,-7.18,13.97,26.6,20,79.25,-79.1,user_10,54.72,-36.28,-55.68,2.788141557630297e-07
8,greedy_exploration,2,-7.18,13.97,26.6,20,79.25,-79.1,user_11,54.4,-28.03,-55.42,2.623541774937621e-07
8,greedy_exploration,2,-7.18,13.97,26.6,20,79.25,-79.1,user_12,48.47,-46.94,-200.0,
8,greedy_exploration,2,-7.18,13.97,26.6,20,79.25,-79.1,user_13,62.04,-31.95,-55.58,2.8945339636266e-07
8,greedy_exploration,2,-7.18,13.97,26.6,20,79.25,-79.1,user_14,62.98,-37.24,-65.89,3.015924789906421e-07
8,greedy_exploration,2,-7.18,13.97,26.6,20,79.25,-79.1,user_15,56.26,-45.44,-64.55,3.0176383347679803e-07
8,greedy_exploration,2,-7.18,13.97,26.6,20,79.25,-79.1,user_16,70.0,-38.31,-65.51,3.2202260058511456e-07
8,greedy_exploration,2,-7.18,13.97,26.6,20,79.25,-79.1,user_17,-29.4,22.89,-38.8,1.1570898550417041e-07
8,greedy_exploration,2,-7.18,13.97,26.6,20,79.25,-79.1,user_18,-24.77,27.73,-39.99,1.1206739713998104e-07
8,greedy_exploration,2,-7.18,13.97,26.6,20,79.25,-79.1,user_19,-32.07,27.83,-45.2,1.2664992254940444e-07
8,greedy_exploration,2,-7.18,13.97,26.6,20,79.25,-79.1,user_20,-28.82,31.22,-40.75,1.2462366782983736e-07
8,greedy_exploration,3,-2.95,15.55,27.5,20,79.52,-79.12,user_1,57.7,35.72,-48.41,2.3016528416519577e-07
8,greedy_exploration,3,-2.95,15.55,27.5,20,79.52,-79.12,user_2,58.49,52.24,-53.82,2.5396980163350236e-07
8,greedy_exploration,3,-2.95,15.55,27.5,20,79.52,-79.12,user_3,46.8,57.91,-47.65,2.3457484132904938e-07
8,greedy_exploration,3,-2.95,15.55,27.5,20,79.52,-79.12,user_4,51.03,39.91,-61.4,2.1574274455815612e-07
8,greedy_exploration,3,-2.95,15.55,27.5,20,79.52,-79.12,user_5,55.84,44.76,-58.88,2.3552289007966465e-07
8,greedy_exploration,3,-2.95,15.55,27.5,20,79.52,-79.12,user_6,59.53,52.02,-53.9,2.5642839318607e-07
8,greedy_exploration,3,-2.95,15.55,27.5,20,79.52,-79.12,user_7,60.81,-19.95,-57.97,2.5841180217867077e-07
8,greedy_exploration,3,-2.95,15.55,27.5,20,79.52,-79.12,user_8,50.9,-18.87,-57.07,2.3014855798919598e-07
8,greedy_exploration,3,-2.95,15.55,27.5,20,79.52,-79.12,user_9,53.86,-14.57,-60.41,2.3135478954827704e-07
8,greedy_exploration,3,-2.95,15.55,27.5,20,79.52,-79.12,user_10,54.72,-36.28,-55.29,2.727929881984892e-07
8,greedy_exploration,3,-2.95,15.55,27.5,20,79.52,-79.12,user_11,54.4,-28.03,-55.52,2.554377545038733e-07
8,greedy_exploration,3,-2.95,15.55,27.5,20,79.52,-79.12,user_12,48.47,-46.94,-63.09,2.8352980052659404e-07
8,greedy_exploration,3,-2.95,15.55,27.5,20,79.52,-79.12,user_13,62.04,-31.95,-55.63,2.8217135650265845e-07
8,greedy_exploration,3,-2.95,15.55,27.5,20,79.52,-79.12,user_14,62.98,-37.24,-65.09,2.9477612883965776e-07
8,greedy_exploration,3,-2.95,15.55,27.5,20,79.52,-79.12,user_15,56.26,-45.44,-63.99,2.9650831834260316e-07
8,greedy_exploration,3,-2.95,15.55,27.5,20,79.52,-79.12,user_16,70.0,-38.31,-65.12,3.146590188407572e-07
8,greedy_exploration,3,-2.95,15.55,27.5,20,79.52,-79.12,user_17,-29.4,22.89,-39.16,1.2611538124929211e-07
8,greedy_exploration,3,-2.95,15.55,27.5,20,79.52,-79.12,user_18,-24.77,27.73,-39.81,1.2028974083477806e-07
8,greedy_exploration,3,-2.95,15.55,27.5,20,79.52,-79.12,user_19,-32.07,27.83,-44.85,1.3650772245910048e-07
8,greedy_exploration,3,-2.95,15.55,27.5,20,79.52,-79.12,user_20,-28.82,31.22,-40.6,1.3304172341577214e-07
8,greedy_exploration,4,-14.49,3.4,25.59,20,83.12,-77.62,user_1,57.7,35.72,-55.6,2.7579733341553947e-07
8,greedy_exploration,4,-14.49,3.4,25.59,20,83.12,-77.62,user_2,58.49,52.24,-60.89,3.847732159556472e-07
8,greedy_exploration,4,-14.49,3.4,25.59,20,83.12,-77.62,user_3,46.8,57.91,-57.25,2.8515597705336404e-07
8,greedy_exploration,4,-14.49,3.4,25.59,20,83.12,-77.62,user_4,51.03,39.91,-66.49,3.0821547625237145e-07
8,greedy_exploration,4,-14.49,3.4,25.59,20,83.12,-77.62,user_5,55.84,44.76,-67.14,3.302461664134171e-07
8,greedy_exploration,4,-14.49,3.4,25.59,20,83.12,-77.62,user_6,59.53,52.02,-60.19,3.551608074303658e-07
8,greedy_exploration,4,-14.49,3.4,25.59,20,83.12,-77.62,user_7,60.81,-19.95,-48.17,2.7497580390445364e-07
8,greedy_exploration,4,-14.49,3.4,25.59,20,83.12,-77.62,user_8,50.9,-18.87,-48.29,2.4402973508586e-07
8,greedy_exploration,4,-14.49,3.4,25.59,20,83.12,-77.62,user_9,53.86,-14.57,-48.56,2.4905807549657766e-07
8,greedy_exploration,4,-14.49,3.4,25.59,20,83.12,-77.62,user_10,54.72,-36.28,-49.34,2.779782732886815e-07
8,greedy_exploration,4,-14.49,3.4,25.59,20,83.12,-77.62,user_11,54.4,-28.03,-49.49,2.650523924785375e-07
8,greedy_exploration,4,-14.49,3.4,25.59,20,83.12,-77.62,user_12,48.47,-46.94,-200.0,
8,greedy_exploration,4,-14.49,3.4,25.59,20,83.12,-77.62,user_13,62.04,-31.95,-49.75,2.924501245615829e-07
8,greedy_exploration,4,-14.49,3.4,25.59,20,83.12,-77.62,user_14,62.98,-37.24,-60.73,3.232155165733275e-07
8,greedy_exploration,4,-14.49,3.4,25.59,20,83.12,-77.62,user_15,56.26,-45.44,-200.0,
8,greedy_exploration,4,-14.49,3.4,25.59,20,83.12,-77.62,user_16,70.0,-38.31,-58.96,3.4408276405883953e-07
8,greedy_exploration,4,-14.49,3.4,25.59,20,83.12,-77.62,user_17,-29.4,22.89,-37.44,1.1470416438896791e-07
8,greedy_exploration,4,-14.49,3.4,25.59,20,83.12,-77.62,user_18,-24.77,27.73,-37.85,1.1924417719910707e-07
8,greedy_exploration,4,-14.49,3.4,25.59,20,83.12,-77.62,user_19,-32.07,27.83,-46.4,1.2859358378136676e-07
8,greedy_exploration,4,-14.49,3.4,25.59,20,83.12,-77.62,user_20,-28.82,31.22,-38.23,1.3173159629786824e-07
8,greedy_exploration,5,-20.26,10.04,28.27,20,82.62,-77.84,user_1,57.7,35.72,-55.09,2.8798496032322873e-07
8,greedy_exploration,5,-20.26,10.04,28.27,20,82.62,-77.84,user_2,58.49,52.24,-54.26,3.111105968400807e-07
8,greedy_exploration,5,-20.26,10.04,28.27,20,82.62,-77.84,user_3,46.8,57.91,-54.49,2.8897537163175e-07
8,greedy_exploration,5,-20.26,10.04,28.27,20,82.62,-77.84,user_4,51.03,39.91,-67.47,3.387211791050504e-07
8,greedy_exploration,5,-20.26,10.04,28.27,20,82.62,-77.84,user_5,55.84,44.76,-68.05,3.607381700021506e-07
8,greedy_exploration,5,-20.26,10.04,28.27,20,82.62,-77.84,user_6,59.53,52.02,-58.47,3.781554767101625e-07
8,greedy_exploration,5,-20.26,10.04,28.27,20,82.62,-77.84,user_7,60.81,-19.95,-51.23,3.01841026839611e-07
8,greedy_exploration,5,-20.26,10.04,28.27,20,82.62,-77.84,user_8,50.9,-18.87,-50.59,2.7132045943289995e-07
8,greedy_exploration,5,-20.26,10.04,28.27,20,82.62,-77.84,user_9,53.86,-14.57,-55.79,2.7538862923393026e-07
8,greedy_exploration,5,-20.26,10.04,28.27,20,82.62,-77.84,user_10,54.72,-36.28,-53.5,3.072444769713911e-07
8,greedy_exploration,5,-20.26,10.04,28.27,20,82.62,-77.84,user_11,54.4,-28.03,-50.35,2.9346199426072417e-07
8,greedy_exploration,5,-20.26,10.04,28.27,20,82.62,-77.84,user_12,48.47,-46.94,-200.0,
8,greedy_exploration,5,-20.26,10.04,28.27,20,82.62,-77.84,user_13,62.04,-31.95,-50.76,3.2086512646856136e-07
8,greedy_exploration,5,-20.26,10.04,28.27,20,82.62,-77.84,user_14,62.98,-37.24,-200.0,
8,greedy_exploration,5,-20.26,10.04,28.27,20,82.62,-77.84,user_15,56.26,-45.44,-200.0,
8,greedy_exploration,5,-20.26,10.04,28.27,20,82.62,-77.84,user_16,70.0,-38.31,-200.0,
8,greedy_exploration,5,-20.26,10.04,28.27,20,82.62,-77.84,user_17,-29.4,22.89,-35.83,1.0363568492266495e-07
8,greedy_exploration,5,-20.26,10.04,28.27,20,82.62,-77.84,user_18,-24.77,27.73,-35.69,1.080824389987356e-07
8,greedy_exploration,5,-20.26,10.04,28.27,20,82.62,-77.84,user_19,-32.07,27.83,-43.7,1.1422284984519138e-07
8,greedy_exploration,5,-20.26,10.04,28.27,20,82.62,-77.84,user_20,-28.82,31.22,-35.81,1.1738892169432802e-07
8,greedy_exploration,6,-17.03,21.36,26.67,20,73.05,-78.17,user_1,57.7,35.72,-55.79,2.673576204870187e-07
8,greedy_exploration,6,-17.03,21.36,26.67,20,73.05,-78.17,user_2,58.49,52.24,-53.42,2.8480928904173197e-07
8,greedy_exploration,6,-17.03,21.36,26.67,20,73.05,-78.17,user_3,46.8,57.91,-55.57,2.5931686309377255e-07
8,greedy_exploration,6,-17.03,21.36,26.67,20,73.05,-78.17,user_4,51.03,39.91,-200.0,
8,greedy_exploration,6,-17.03,21.36,26.67,20,73.05,-78.17,user_5,55.84,44.76,-57.04,3.544561195667484e-07
8,greedy_exploration,6,-17.03,21.36,26.67,20,73.05,-78.17,user_6,59.53,52.02,-53.47,2.8762042347807437e-07
8,greedy_exploration,6,-17.03,21.36,26.67,20,73.05,-78.17,user_7,60.81,-19.95,-58.29,3.0570038234145613e-07
8,greedy_exploration,6,-17.03,21.36,26.67,20,73.05,-78.17,user_8,50.9,-18.87,-54.96,2.7640504640658037e-07
8,greedy_exploration,6,-17.03,21.36,26.67,20,73.05,-78.17,user_9,53.86,-14.57,-64.04,2.78078942983484e-07
8,greedy_exploration,6,-17.03,21.36,26.67,20,73.05,-78.17,user_10,54.72,-36.28,-65.3,3.182691159508977e-07
8,greedy_exploration,6,-17.03,21.36,26.67,20,73.05,-78.17,user_11,54.4,-28.03,-59.8,3.0159699804244156e-07
8,greedy_exploration,6,-17.03,21.36,26.67,20,73.05,-78.17,user_12,48.47,-46.94,-200.0,
8,greedy_exploration,6,-17.03,21.36,26.67,20,73.05,-78.17,user_13,62.04,-31.95,-65.72,3.2898873314479715e-07
8,greedy_exploration,6,-17.03,21.36,26.67,20,73.05,-78.17,user_14,62.98,-37.24,-200.0,
8,greedy_exploration,6,-17.03,21.36,26.67,20,73.05,-78.17,user_15,56.26,-45.44,-200.0,
8,greedy_exploration,6,-17.03,21.36,26.67,20,73.05,-78.17,user_16,70.0,-38.31,-200.0,
8,greedy_exploration,6,-17.03,21.36,26.67,20,73.05,-78.17,user_17,-29.4,22.89,-36.19,9.368856268565651e-08
8,greedy_exploration,6,-17.03,21.36,26.67,20,73.05,-78.17,user_18,-24.77,27.73,-35.62,9.03714578726067e-08
8,greedy_exploration,6,-17.03,21.36,26.67,20,73.05,-78.17,user_19,-32.07,27.83,-39.08,1.0015765639082019e-07
8,greedy_exploration,6,-17.03,21.36,26.67,20,73.05,-78.17,user_20,-28.82,31.22,-35.7,9.837327752393321e-08
8,greedy_exploration,7,-9.67,27.28,26.39,20,77.27,-78.89,user_1,57.7,35.72,-48.52,2.412169237686612e-07
8,greedy_exploration,7,-9.67,27.28,26.39,20,77.27,-78.89,user_2,58.49,52.24,-49.17,2.559612539698719e-07
8,greedy_exploration,7,-9.67,27.28,26.39,20,77.27,-78.89,user_3,46.8,57.91,-49.39,2.2981014069500816e-07
8,greedy_exploration,7,-9.67,27.28,26.39,20,77.27,-78.89,user_4,51.03,39.91,-65.67,2.228527336001207e-07
8,greedy_exploration,7,-9.67,27.28,26.39,20,77.27,-78.89,user_5,55.84,44.76,-47.4,2.4092062744784926e-07
8,greedy_exploration,7,-9.67,27.28,26.39,20,77.27,-78.89,user_6,59.53,52.02,-49.25,2.588126051250583e-07
8,greedy_exploration,7,-9.67,27.28,26.39,20,77.27,-78.89,user_7,60.81,-19.95,-54.55,2.9492829867194814e-07
8,greedy_exploration,7,-9.67,27.28,26.39,20,77.27,-78.89,user_8,50.9,-18.87,-54.64,2.6722750590124633e-07
8,greedy_exploration,7,-9.67,27.28,26.39,20,77.27,-78.89,user_9,53.86,-14.57,-54.15,2.669970626811846e-07
8,greedy_exploration,7,-9.67,27.28,26.39,20,77.27,-78.89,user_10,54.72,-36.28,-55.12,3.130078880531073e-07
8,greedy_exploration,7,-9.67,27.28,26.39,20,77.27,-78.89,user_11,54.4,-28.03,-54.11,2.9428733228087367e-07
8,greedy_exploration,7,-9.67,27.28,26.39,20,77.27,-78.89,user_12,48.47,-46.94,-64.28,3.252614249049657e-07
8,greedy_exploration,7,-9.67,27.28,26.39,20,77.27,-78.89,user_13,62.04,-31.95,-54.77,3.211588079921057e-07
8,greedy_exploration,7,-9.67,27.28,26.39,20,77.27,-78.89,user_14,62.98,-37.24,-65.75,3.345693642131664e-07
8,greedy_exploration,7,-9.67,27.28,26.39,20,77.27,-78.89,user_15,56.26,-45.44,-64.99,3.3778158581299067e-07
8,greedy_exploration,7,-9.67,27.28,26.39,20,77.27,-78.89,user_16,70.0,-38.31,-66.78,3.540947375313408e-07
8,greedy_exploration,7,-9.67,27.28,26.39,20,77.27,-78.89,user_17,-29.4,22.89,-39.28,1.0695174523789319e-07
8,greedy_exploration,7,-9.67,27.28,26.39,20,77.27,-78.89,user_18,-24.77,27.73,-37.82,9.711954618296659e-08
8,greedy_exploration,7,-9.67,27.28,26.39,20,77.27,-78.89,user_19,-32.07,27.83,-42.97,1.1171033520440687e-07
8,greedy_exploration,7,-9.67,27.28,26.39,20,77.27,-78.89,user_20,-28.82,31.22,-39.12,1.0557491236795613e-07
9,toward_cluster,0,-38.24,-6.19,25.92,11,81.15,-77.75,user_1,24.07,18.19,-56.09,2.3758701672704774e-07
9,toward_cluster,0,-38.24,-6.19,25.92,11,81.15,-77.75,user_2,39.27,6.74,-46.33,2.7448334094515303e-07
9,toward_cluster,0,-38.24,-6.19,25.92,11,81.15,-77.75,user_3,30.25,26.56,-59.14,2.6601142621984764e-07
9,toward_cluster,0,-38.24,-6.19,25.92,11,81.15,-77.75,user_4,19.92,20.07,-55.49,2.279126363191608e-07
9,toward_cluster,0,-38.24,-6.19,25.92,11,81.15,-77.75,user_5,29.26,21.67,-55.67,2.568392858393054e-07
9,toward_cluster,0,-38.24,-6.19,25.92,11,81.15,-77.75,user_6,-25.84,-27.73,-44.56,1.1622532980481992e-07
9,toward_cluster,0,-38.24,-6.19,25.92,11,81.15,-77.75,user_7,-3.27,-25.96,-47.71,1.5681379750276392e-07
9,toward_cluster,0,-38.24,-6.19,25.92,11,81.15,-77.75,user_8,-22.85,-28.57,-44.3,1.21833238608815e-07
9,toward_cluster,0,-38.24,-6.19,25.92,11,81.15,-77.75,user_9,-18.57,-17.08,-49.81,1.1072305738935029e-07
9,toward_cluster,0,-38.24,-6.19,25.92,11,81.15,-77.75,user_10,-10.62,-28.99,-48.79,1.4459304509273352e-07
9,toward_cluster,0,-38.24,-6.19,25.92,11,81.15,-77.75,user_11,-7.0,-9.6,-42.29,1.327527314742838e-07
9,toward_cluster,1,-23.26,-5.45,25.92,11,83.04,-77.74,user_1,24.07,18.19,-50.06,1.9436556897289847e-07
9,toward_cluster,1,-23.26,-5.45,25.92,11,83.04,-77.74,user_2,39.27,6.74,-43.43,2.2758101181352686e-07
9,toward_cluster,1,-23.26,-5.45,25.92,11,83.04,-77.74,user_3,30.25,26.56,-53.49,2.2337081873047282e-07
9,toward_cluster,1,-23.26,-5.45,25.92,11,83.04,-77.74,user_4,19.92,20.07,-50.78,1.8608331231462216e-07
9,toward_cluster,1,-23.26,-5.45,25.92,11,83.04,-77.74,user_5,29.26,21.67,-52.74,2.1332931510187336e-07
9,toward_cluster,1,-23.26,-5.45,25.92,11,83.04,-77.74,user_6,-25.84,-27.73,-36.74,1.1060006244179021e-07
9,toward_cluster,1,-23.26,-5.45,25.92,11,83.04,-77.74,user_7,-3.27,-25.96,-41.59,1.2554586703572568e-07
9,toward_cluster,1,-23.26,-5.45,25.92,11,83.04,-77.74,user_8,-22.85,-28.57,-36.87,1.1218067186291591e-07
9,toward_cluster,1,-23.26,-5.45,25.92,11,83.04,-77.74,user_9,-18.57,-17.08,-36.28,9.15686158009521e-08
9,toward_cluster,1,-23.26,-5.45,25.92,11,83.04,-77.74,user_10,-10.62,-28.99,-42.89,1.2074087862856686e-07
9,toward_cluster,1,-23.26,-5.45,25.92,11,83.04,-77.74,user_11,-7.0,-9.6,-49.3,9.88355779441008e-08
9,toward_cluster,2,-11.97,-4.9,25.92,11,82.54,-77.77,user_1,24.07,18.19,-48.66,1.6437522276646632e-07
9,toward_cluster,2,-11.97,-4.9,25.92,11,82.54,-77.77,user_2,39.27,6.74,-42.38,1.9327625011555938e-07
9,toward_cluster,2,-11.97,-4.9,25.92,11,82.54,-77.77,user_3,30.25,26.56,-51.71,1.9359930547580007e-07
9,toward_cluster,2,-11.97,-4.9,25.92,11,82.54,-77.77,user_4,19.92,20.07,-48.36,1.577588761847437e-07
9,toward_cluster,2,-11.97,-4.9,25.92,11,82.54,-77.77,user_5,29.26,21.67,-50.98,1.827679909638391e-07
9,toward_cluster,2,-11.97,-4.9,25.92,11,82.54,-77.77,user_6,-25.84,-27.73,-42.14,1.207263409241932e-07
9,toward_cluster,2,-11.97,-4.9,25.92,11,82.54,-77.77,user_7,-3.27,-25.96,-38.95,1.1140990352487279e-07
9,toward_cluster,2,-11.97,-4.9,25.92,11,82.54,-77.77,user_8,-22.85,-28.57,-41.7,1.191052447779839e-07
9,toward_cluster,2,-11.97,-4.9,25.92,11,82.54,-77.77,user_9,-18.57,-17.08,-41.4,9.365067654698578e-08
9,toward_cluster,2,-11.97,-4.9,25.92,11,82.54,-77.77,user_10,-10.62,-28.99,-38.06,1.1450953962821586e-07
9,toward_cluster,2,-11.97,-4.9,25.92,11,82.54,-77.77,user_11,-7.0,-9.6,-42.04,8.459169720254067e-08
9,toward_cluster,3,-5.2,-4.57,25.92,11,80.68,-77.8,user_1,24.07,18.19,-47.9,1.4809219806011242e-07
9,toward_cluster,3,-5.2,-4.57,25.92,11,80.68,-77.8,user_2,39.27,6.74,-41.17,1.7338382463094604e-07
9,toward_cluster,3,-5.2,-4.57,25.92,11,80.68,-77.8,user_3,30.25,26.56,-50.66,1.7720121547881718e-07
9,toward_cluster,3,-5.2,-4.57,25.92,11,80.68,-77.8,user_4,19.92,20.07,-47.57,1.4286828786680417e-07
9,toward_cluster,3,-5.2,-4.57,25.92,11,80.68,-77.8,user_5,29.26,21.67,-46.3,1.6585768491950148e-07
9,toward_cluster,3,-5.2,-4.57,25.92,11,80.68,-77.8,user_6,-25.84,-27.73,-42.2,1.3169368173748808e-07
9,toward_cluster,3,-5.2,-4.57,25.92,11,80.68,-77.8,user_7,-3.27,-25.96,-39.07,1.0847724496443334e-07
9,toward_cluster,3,-5.2,-4.57,25.92,11,80.68,-77.8,user_8,-22.85,-28.57,-42.39,1.2849184827246063e-07
9,toward_cluster,3,-5.2,-4.57,25.92,11,80.68,-77.8,user_9,-18.57,-17.08,-40.88,1.0181048537560855e-07
9,toward_cluster,3,-5.2,-4.57,25.92,11,80.68,-77.8,user_10,-10.62,-28.99,-39.25,1.1660672072366651e-07
9,toward_cluster,3,-5.2,-4.57,25.92,11,80.68,-77.8,user_11,-7.0,-9.6,-40.27,8.33828366353373e-08
9,toward_cluster,4,-1.13,-4.37,25.92,11,79.75,-77.8,user_1,24.07,18.19,-46.36,1.3915381202878052e-07
9,toward_cluster,4,-1.13,-4.37,25.92,11,79.75,-77.8,user_2,39.27,6.74,-40.79,1.6176753092622675e-07
9,toward_cluster,4,-1.13,-4.37,25.92,11,79.75,-77.8,user_3,30.25,26.56,-48.92,1.6803505786811002e-07
9,toward_cluster,4,-1.13,-4.37,25.92,11,79.75,-77.8,user_4,19.92,20.07,-47.08,1.34949331709322e-07
9,toward_cluster,4,-1.13,-4.37,25.92,11,79.75,-77.8,user_5,29.26,21.67,-46.07,1.5638323702660273e-07
9,toward_cluster,4,-1.13,-4.37,25.92,11,79.75,-77.8,user_6,-25.84,-27.73,-42.42,1.3964388756448898e-07
9,toward_cluster,4,-1.13,-4.37,25.92,11,79.75,-77.8,user_7,-3.27,-25.96,-39.59,1.0896084745581902e-07
9,toward_cluster,4,-1.13,-4.37,25.92,11,79.75,-77.8,user_8,-22.85,-28.57,-43.58,1.356476246883176e-07
9,toward_cluster,4,-1.13,-4.37,25.92,11,79.75,-77.8,user_9,-18.57,-17.08,-42.24,1.0870474653756901e-07
9,toward_cluster,4,-1.13,-4.37,25.92,11,79.75,-77.8,user_10,-10.62,-28.99,-39.85,1.1992271709004854e-07
9,toward_cluster,4,-1.13,-4.37,25.92,11,79.75,-77.8,user_11,-7.0,-9.6,-41.8,8.557373831763471e-08
9,toward_cluster,5,1.31,-4.25,25.92,11,80.76,-77.66,user_1,24.07,18.19,-46.25,1.3417022159956105e-07
9,toward_cluster,5,1.31,-4.25,25.92,11,80.76,-77.66,user_2,39.27,6.74,-40.54,1.5495760408157366e-07
9,toward_cluster,5,1.31,-4.25,25.92,11,80.76,-77.66,user_3,30.25,26.56,-45.62,1.6283654247217783e-07
9,toward_cluster,5,1.31,-4.25,25.92,11,80.76,-77.66,user_4,19.92,20.07,-46.84,1.3065033499515266e-07
9,toward_cluster,5,1.31,-4.25,25.92,11,80.76,-77.66,user_5,29.26,21.67,-40.65,1.5100491168595909e-07
9,toward_cluster,5,1.31,-4.25,25.92,11,80.76,-77.66,user_6,-25.84,-27.73,-42.3,1.44813270708255e-07
9,toward_cluster,5,1.31,-4.25,25.92,11,80.76,-77.66,user_7,-3.27,-25.96,-39.74,1.1005779043671282e-07
9,toward_cluster,5,1.31,-4.25,25.92,11,80.76,-77.66,user_8,-22.85,-28.57,-43.23,1.4039459017567424e-07
9,toward_cluster,5,1.31,-4.25,25.92,11,80.76,-77.66,user_9,-18.57,-17.08,-44.04,1.1341961680955137e-07
9,toward_cluster,5,1.31,-4.25,25.92,11,80.76,-77.66,user_10,-10.62,-28.99,-40.0,1.2259235404599167e-07
9,toward_cluster,5,1.31,-4.25,25.92,11,80.76,-77.66,user_11,-7.0,-9.6,-42.47,8.787466754256457e-08
9,toward_cluster,6,2.77,-4.18,25.92,11,80.64,-77.71,user_1,24.07,18.19,-46.18,1.3134309995166404e-07
9,toward_cluster,6,2.77,-4.18,25.92,11,80.64,-77.71,user_2,39.27,6.74,-40.39,1.509477129957304e-07
9,toward_cluster,6,2.77,-4.18,25.92,11,80.64,-77.71,user_3,30.25,26.56,-45.46,1.598476728759124e-07
9,toward_cluster,6,2.77,-4.18,25.92,11,80.64,-77.71,user_4,19.92,20.07,-48.08,1.28260552401116e-07
9,toward_cluster,6,2.77,-4.18,25.92,11,80.64,-77.71,user_5,29.26,21.67,-40.49,1.4791146440984448e-07
9,toward_cluster,6,2.77,-4.18,25.92,11,80.64,-77.71,user_6,-25.84,-27.73,-42.4,1.4803148928876908e-07
9,toward_cluster,6,2.77,-4.18,25.92,11,80.64,-77.71,user_7,-3.27,-25.96,-39.84,1.1099148622406574e-07
9,toward_cluster,6,2.77,-4.18,25.92,11,80.64,-77.71,user_8,-22.85,-28.57,-43.3,1.433779743820196e-07
9,toward_cluster,6,2.77,-4.18,25.92,11,80.64,-77.71,user_9,-18.57,-17.08,-44.23,1.1642018193924741e-07
9,toward_cluster,6,2.77,-4.18,25.92,11,80.64,-77.71,user_10,-10.62,-28.99,-40.21,1.2441380192740326e-07
9,toward_cluster,6,2.77,-4.18,25.92,11,80.64,-77.71,user_11,-7.0,-9.6,-42.78,8.957706398859955e-08
9,toward_cluster,7,3.65,-4.13,25.92,11,80.68,-77.92,user_1,24.07,18.19,-39.69,1.2968288842785114e-07
9,toward_cluster,7,3.65,-4.13,25.92,11,80.68,-77.92,user_2,39.27,6.74,-40.31,1.4854944652142876e-07
9,toward_cluster,7,3.65,-4.13,25.92,11,80.68,-77.92,user_3,30.25,26.56,-45.38,1.5807462716566079e-07
9,toward_cluster,7,3.65,-4.13,25.92,11,80.68,-77.92,user_4,19.92,20.07,-48.01,1.2687233663655206e-07
9,toward_cluster,7,3.65,-4.13,25.92,11,80.68,-77.92,user_5,29.26,21.67,-40.39,1.4607854836867773e-07
9,toward_cluster,7,3.65,-4.13,25.92,11,80.68,-77.92,user_6,-25.84,-27.73,-43.44,1.5002807174369082e-07
9,toward_cluster,7,3.65,-4.13,25.92,11,80.68,-77.92,user_7,-3.27,-25.96,-39.56,1.116703458592383e-07
9,toward_cluster,7,3.65,-4.13,25.92,11,80.68,-77.92,user_8,-22.85,-28.57,-43.36,1.4524025004902796e-07
9,toward_cluster,7,3.65,-4.13,25.92,11,80.68,-77.92,user_9,-18.57,-17.08,-44.34,1.182985585046481e-07
9,toward_cluster,7,3.65,-4.13,25.92,11,80.68,-77.92,user_10,-10.62,-28.99,-40.0,1.2560754214518965e-07
9,toward_cluster,7,3.65,-4.13,25.92,11,80.68,-77.92,user_11,-7.0,-9.6,-42.94,9.071960249684707e-08
10,greedy_exploration,0,28.51,-4.2,27.45,8,82.73,-78.03,user_1,-31.06,51.67,-59.09,2.858440666386741e-07
10,greedy_exploration,0,28.51,-4.2,27.45,8,82.73,-78.03,user_2,-17.71,47.11,-57.86,2.4607913928775815e-07
10,greedy_exploration,0,28.51,-4.2,27.45,8,82.73,-78.03,user_3,-22.45,51.35,-56.62,2.659350286648987e-07
10,greedy_exploration,0,28.51,-4.2,27.45,8,82.73,-78.03,user_4,-29.69,67.69,-59.51,3.2044408726505935e-07
10,greedy_exploration,0,28.51,-4.2,27.45,8,82.73,-78.03,user_5,-25.58,63.24,-58.96,3.0108265036687953e-07
10,greedy_exploration,0,28.51,-4.2,27.45,8,82.73,-78.03,user_6,23.37,27.55,-39.09,1.3785056296455878e-07
10,greedy_exploration,0,28.51,-4.2,27.45,8,82.73,-78.03,user_7,19.55,14.46,-37.48,1.1072518191213021e-07
10,greedy_exploration,0,28.51,-4.2,27.45,8,82.73,-78.03,user_8,36.13,28.76,-52.56,1.4221838284811383e-07
10,greedy_exploration,1,29.53,-4.44,29.67,8,82.15,-78.42,user_1,-31.06,51.67,-59.28,2.9104356258358166e-07
10,greedy_exploration,1,29.53,-4.44,29.67,8,82.15,-78.42,user_2,-17.71,47.11,-58.04,2.514499897188216e-07
10,greedy_exploration,1,29.53,-4.44,29.67,8,82.15,-78.42,user_3,-22.45,51.35,-58.67,2.7115279976897e-07
10,greedy_exploration,1,29.53,-4.44,29.67,8,82.15,-78.42,user_4,-29.69,67.69,-60.39,3.251744260523992e-07
10,greedy_exploration,1,29.53,-4.44,29.67,8,82.15,-78.42,user_5,-25.58,63.24,-59.84,3.059210769151832e-07
10,greedy_exploration,1,29.53,-4.44,29.67,8,82.15,-78.42,user_6,23.37,27.55,-39.48,1.4365946299221832e-07
10,greedy_exploration,1,29.53,-4.44,29.67,8,82.15,-78.42,user_7,19.55,14.46,-38.08,1.1794966070510782e-07
10,greedy_exploration,1,29.53,-4.44,29.67,8,82.15,-78.42,user_8,36.13,28.76,-44.49,1.4689508986975852e-07
10,greedy_exploration,2,32.46,-17.72,31.29,8,73.02,-78.84,user_1,-31.06,51.67,-60.75,3.2915195902205596e-07
10,greedy_exploration,2,32.46,-17.72,31.29,8,73.02,-78.84,user_2,-17.71,47.11,-56.05,2.90936014835097e-07
10,greedy_exploration,2,32.46,-17.72,31.29,8,73.02,-78.84,user_3,-22.45,51.35,-58.19,3.106485451098706e-07
10,greedy_exploration,2,32.46,-17.72,31.29,8,73.02,-78.84,user_4,-29.69,67.69,-59.21,3.6608466302823217e-07
10,greedy_exploration,2,32.46,-17.72,31.29,8,73.02,-78.84,user_5,-25.58,63.24,-58.6,3.4682014415921003e-07
10,greedy_exploration,2,32.46,-17.72,31.29,8,73.02,-78.84,user_6,23.37,27.55,-45.25,1.8329173201436788e-07
10,greedy_exploration,2,32.46,-17.72,31.29,8,73.02,-78.84,user_7,19.55,14.46,-42.08,1.5248164686454402e-07
10,greedy_exploration,2,32.46,-17.72,31.29,8,73.02,-78.84,user_8,36.13,28.76,-50.76,1.845578339043641e-07
10,greedy_exploration,3,37.78,-18.92,32.9,8,70.38,-79.58,user_1,-31.06,51.67,-60.43,3.451679617683112e-07
10,greedy_exploration,3,37.78,-18.92,32.9,8,70.38,-79.58,user_2,-17.71,47.11,-57.34,3.0617226798312913e-07
10,greedy_exploration,3,37.78,-18.92,32.9,8,70.38,-79.58,user_3,-22.45,51.35,-58.7,3.259978598180169e-07
10,greedy_exploration,3,37.78,-18.92,32.9,8,70.38,-79.58,user_4,-29.69,67.69,-59.94,3.808982000919059e-07
10,greedy_exploration,3,37.78,-18.92,32.9,8,70.38,-79.58,user_5,-25.58,63.24,-59.36,3.615858474859124e-07
10,greedy_exploration,3,37.78,-18.92,32.9,8,70.38,-79.58,user_6,23.37,27.55,-47.18,1.931525872578277e-07
10,greedy_exploration,3,37.78,-18.92,32.9,8,70.38,-79.58,user_7,19.55,14.46,-46.19,1.6451566864361666e-07
10,greedy_exploration,3,37.78,-18.92,32.9,8,70.38,-79.58,user_8,36.13,28.76,-50.95,1.9051344679610338e-07
10,greedy_exploration,4,46.04,-21.39,33.28,8,52.11,-78.34,user_1,-31.06,51.67,-200.0,
10,greedy_exploration,4,46.04,-21.39,33.28,8,52.11,-78.34,user_2,-17.71,47.11,-70.8,5.695845857189852e-07
10,greedy_exploration,4,46.04,-21.39,33.28,8,52.11,-78.34,user_3,-22.45,51.35,-70.09,5.614136853182572e-07
10,greedy_exploration,4,46.04,-21.39,33.28,8,52.11,-78.34,user_4,-29.69,67.69,-200.0,
10,greedy_exploration,4,46.04,-21.39,33.28,8,52.11,-78.34,user_5,-25.58,63.24,-200.0,
10,greedy_exploration,4,46.04,-21.39,33.28,8,52.11,-78.34,user_6,23.37,27.55,-46.78,2.0881807927253249e-07
10,greedy_exploration,4,46.04,-21.39,33.28,8,52.11,-78.34,user_7,19.55,14.46,-46.26,1.8260648460000084e-07
10,greedy_exploration,4,46.04,-21.39,33.28,8,52.11,-78.34,user_8,36.13,28.76,-51.6,2.0078228146758192e-07
10,greedy_exploration,5,57.81,-20.49,32.67,8,47.0,-78.28,user_1,-31.06,51.67,-200.0,
10,greedy_exploration,5,57.81,-20.49,32.67,8,47.0,-78.28,user_2,-17.71,47.11,-200.0,
10,greedy_exploration,5,57.81,-20.49,32.67,8,47.0,-78.28,user_3,-22.45,51.35,-200.0,
10,greedy_exploration,5,57.81,-20.49,32.67,8,47.0,-78.28,user_4,-29.69,67.69,-200.0,
10,greedy_exploration,5,57.81,-20.49,32.67,8,47.0,-78.28,user_5,-25.58,63.24,-200.0,
10,greedy_exploration,5,57.81,-20.49,32.67,8,47.0,-78.28,user_6,23.37,27.55,-51.89,2.5178215423693473e-07
10,greedy_exploration,5,57.81,-20.49,32.67,8,47.0,-78.28,user_7,19.55,14.46,-47.99,2.01713874048437e-07
10,greedy_exploration,5,57.81,-20.49,32.67,8,47.0,-78.28,user_8,36.13,28.76,-52.56,2.0743163986480795e-07
10,greedy_exploration,6,45.03,-22.62,32.61,8,49.28,-78.06,user_1,-31.06,51.67,-200.0,
10,greedy_exploration,6,45.03,-22.62,32.61,8,49.28,-78.06,user_2,-17.71,47.11,-200.0,
10,greedy_exploration,6,45.03,-22.62,32.61,8,49.28,-78.06,user_3,-22.45,51.35,-69.92,5.598213874691282e-07
10,greedy_exploration,6,45.03,-22.62,32.61,8,49.28,-78.06,user_4,-29.69,67.69,-200.0,
10,greedy_exploration,6,45.03,-22.62,32.61,8,49.28,-78.06,user_5,-25.58,63.24,-200.0,
10,greedy_exploration,6,45.03,-22.62,32.61,8,49.28,-78.06,user_6,23.37,27.55,-46.7,2.0974833603304432e-07
10,greedy_exploration,6,45.03,-22.62,32.61,8,49.28,-78.06,user_7,19.55,14.46,-46.07,1.8245646060677245e-07
10,greedy_exploration,6,45.03,-22.62,32.61,8,49.28,-78.06,user_8,36.13,28.76,-51.71,2.0254087473858817e-07
10,greedy_exploration,7,49.23,-28.01,34.57,8,50.87,-78.73,user_1,-31.06,51.67,-200.0,
10,greedy_exploration,7,49.23,-28.01,34.57,8,50.87,-78.73,user_2,-17.71,47.11,-200.0,
10,greedy_exploration,7,49.23,-28.01,34.57,8,50.87,-78.73,user_3,-22.45,51.35,-200.0,
10,greedy_exploration,7,49.23,-28.01,34.57,8,50.87,-78.73,user_4,-29.69,67.69,-200.0,
10,greedy_exploration,7,49.23,-28.01,34.57,8,50.87,-78.73,user_5,-25.58,63.24,-200.0,
10,greedy_exploration,7,49.23,-28.01,34.57,8,50.87,-78.73,user_6,23.37,27.55,-48.27,2.3228321310853062e-07
10,greedy_exploration,7,49.23,-28.01,34.57,8,50.87,-78.73,user_7,19.55,14.46,-47.05,2.0503281916717242e-07
10,greedy_exploration,7,49.23,-28.01,34.57,8,50.87,-78.73,user_8,36.13,28.76,-52.67,2.2346472405843087e-07
11,toward_cluster,0,25.03,-21.94,26.84,11,73.09,-78.24,user_1,28.67,-38.74,-36.37,1.021384576915807e-07
11,toward_cluster,0,25.03,-21.94,26.84,11,73.09,-78.24,user_2,17.48,-41.67,-37.8,1.1004537014969173e-07
11,toward_cluster,0,25.03,-21.94,26.84,11,73.09,-78.24,user_3,22.51,-30.09,-36.44,8.918635785448714e-08
11,toward_cluster,0,25.03,-21.94,26.84,11,73.09,-78.24,user_4,13.61,-33.74,-40.62,1.0072155731677412e-07
11,toward_cluster,0,25.03,-21.94,26.84,11,73.09,-78.24,user_5,23.44,-34.04,-36.48,9.381715670997437e-08
11,toward_cluster,0,25.03,-21.94,26.84,11,73.09,-78.24,user_6,-23.41,20.75,-52.94,2.6342411274526967e-07
11,toward_cluster,0,25.03,-21.94,26.84,11,73.09,-78.24,user_7,-22.03,22.99,-53.54,2.640286993482732e-07
11,toward_cluster,0,25.03,-21.94,26.84,11,73.09,-78.24,user_8,-19.7,18.9,-53.94,2.505104248484713e-07
11,toward_cluster,0,25.03,-21.94,26.84,11,73.09,-78.24,user_9,-29.96,14.72,-47.85,2.3610051869127346e-07
11,toward_cluster,0,25.03,-21.94,26.84,11,73.09,-78.24,user_10,-26.35,16.32,-48.6,2.2979267555456317e-07
11,toward_cluster,0,25.03,-21.94,26.84,11,73.09,-78.24,user_11,-3.81,15.48,-47.97,1.7882636882404768e-07
11,toward_cluster,1,14.31,-15.68,26.84,11,82.31,-79.3,user_1,28.67,-38.74,-42.66,1.2391753045903897e-07
11,toward_cluster,1,14.31,-15.68,26.84,11,82.31,-79.3,user_2,17.48,-41.67,-45.98,1.215402676280064e-07
11,toward_cluster,1,14.31,-15.68,26.84,11,82.31,-79.3,user_3,22.51,-30.09,-42.46,1.0101010161633894e-07
11,toward_cluster,1,14.31,-15.68,26.84,11,82.31,-79.3,user_4,13.61,-33.74,-35.68,1.0382201764969068e-07
11,toward_cluster,1,14.31,-15.68,26.84,11,82.31,-79.3,user_5,23.44,-34.04,-42.94,1.0873176137238261e-07
11,toward_cluster,1,14.31,-15.68,26.84,11,82.31,-79.3,user_6,-23.41,20.75,-50.38,1.9427234576596675e-07
11,toward_cluster,1,14.31,-15.68,26.84,11,82.31,-79.3,user_7,-22.03,22.99,-49.58,1.9615384871940478e-07
11,toward_cluster,1,14.31,-15.68,26.84,11,82.31,-79.3,user_8,-19.7,18.9,-50.0,1.8253523137445882e-07
11,toward_cluster,1,14.31,-15.68,26.84,11,82.31,-79.3,user_9,-29.96,14.72,-44.45,1.980738488782663e-07
11,toward_cluster,1,14.31,-15.68,26.84,11,82.31,-79.3,user_10,-26.35,16.32,-44.98,1.9217898739043449e-07
11,toward_cluster,1,14.31,-15.68,26.84,11,82.31,-79.3,user_11,-3.81,15.48,-45.29,1.4697258166052052e-07
11,toward_cluster,2,7.88,-11.92,26.84,11,81.84,-79.04,user_1,28.67,-38.74,-42.11,1.4126949565707037e-07
11,toward_cluster,2,7.88,-11.92,26.84,11,81.84,-79.04,user_2,17.48,-41.67,-41.31,1.3422952349628758e-07
11,toward_cluster,2,7.88,-11.92,26.84,11,81.84,-79.04,user_3,22.51,-30.09,-40.92,1.1488856443975237e-07
11,toward_cluster,2,7.88,-11.92,26.84,11,81.84,-79.04,user_4,13.61,-33.74,-37.24,1.1316926418203366e-07
11,toward_cluster,2,7.88,-11.92,26.84,11,81.84,-79.04,user_5,23.44,-34.04,-41.63,1.2362245627173252e-07
11,toward_cluster,2,7.88,-11.92,26.84,11,81.84,-79.04,user_6,-23.41,20.75,-49.74,1.729557368435053e-07
11,toward_cluster,2,7.88,-11.92,26.84,11,81.84,-79.04,user_7,-22.03,22.99,-48.98,1.7509516681002424e-07
11,toward_cluster,2,7.88,-11.92,26.84,11,81.84,-79.04,user_8,-19.7,18.9,-50.43,1.6179214412659348e-07
11,toward_cluster,2,7.88,-11.92,26.84,11,81.84,-79.04,user_9,-29.96,14.72,-44.94,1.7599009538571408e-07
11,toward_cluster,2,7.88,-11.92,26.84,11,81.84,-79.04,user_10,-26.35,16.32,-44.58,1.7045438482909958e-07
11,toward_cluster,2,7.88,-11.92,26.84,11,81.84,-79.04,user_11,-3.81,15.48,-44.95,1.304543530977753e-07
11,toward_cluster,3,4.02,-9.67,26.84,11,80.33,-79.49,user_1,28.67,-38.74,-41.85,1.5266900277310924e-07
11,toward_cluster,3,4.02,-9.67,26.84,11,80.33,-79.49,user_2,17.48,-41.67,-41.49,1.433660941074777e-07
11,toward_cluster,3,4.02,-9.67,26.84,11,80.33,-79.49,user_3,22.51,-30.09,-41.04,1.2485158151775977e-07
11,toward_cluster,3,4.02,-9.67,26.84,11,80.33,-79.49,user_4,13.61,-33.74,-37.98,1.2088872836102382e-07
11,toward_cluster,3,4.02,-9.67,26.84,11,80.33,-79.49,user_5,23.44,-34.04,-41.77,1.3397276177329331e-07
11,toward_cluster,3,4.02,-9.67,26.84,11,80.33,-79.49,user_6,-23.41,20.75,-49.21,1.606621822247689e-07
11,toward_cluster,3,4.02,-9.67,26.84,11,80.33,-79.49,user_7,-22.03,22.99,-48.46,1.629826158477954e-07
11,toward_cluster,3,4.02,-9.67,26.84,11,80.33,-79.49,user_8,-19.7,18.9,-49.95,1.4995546848695085e-07
11,toward_cluster,3,4.02,-9.67,26.84,11,80.33,-79.49,user_9,-29.96,14.72,-44.32,1.6312709760768485e-07
11,toward_cluster,3,4.02,-9.67,26.84,11,80.33,-79.49,user_10,-26.35,16.32,-43.92,1.5786896767622238e-07
11,toward_cluster,3,4.02,-9.67,26.84,11,80.33,-79.49,user_11,-3.81,15.48,-43.85,1.219196974489023e-07
11,toward_cluster,4,1.7,-8.32,26.84,11,77.97,-77.84,user_1,28.67,-38.74,-43.56,1.5979331635662675e-07
11,toward_cluster,4,1.7,-8.32,26.84,11,77.97,-77.84,user_2,17.48,-41.67,-43.49,1.4929912595107453e-07
11,toward_cluster,4,1.7,-8.32,26.84,11,77.97,-77.84,user_3,22.51,-30.09,-43.8,1.3128638443049567e-07
11,toward_cluster,4,1.7,-8.32,26.84,11,77.97,-77.84,user_4,13.61,-33.74,-40.02,1.2614457034487714e-07
11,toward_cluster,4,1.7,-8.32,26.84,11,77.97,-77.84,user_5,23.44,-34.04,-44.09,1.405829976874884e-07
11,toward_cluster,4,1.7,-8.32,26.84,11,77.97,-77.84,user_6,-23.41,20.75,-45.06,1.535008351538636e-07
11,toward_cluster,4,1.7,-8.32,26.84,11,77.97,-77.84,user_7,-22.03,22.99,-44.18,1.5594056890222419e-07
11,toward_cluster,4,1.7,-8.32,26.84,11,77.97,-77.84,user_8,-19.7,18.9,-45.25,1.4312209373201767e-07
11,toward_cluster,4,1.7,-8.32,26.84,11,77.97,-77.84,user_9,-29.96,14.72,-39.64,1.5557512256236805e-07
11,toward_cluster,4,1.7,-8.32,26.84,11,77.97,-77.84,user_10,-26.35,16.32,-39.72,1.5051273294375278e-07
11,toward_cluster,4,1.7,-8.32,26.84,11,77.97,-77.84,user_11,-3.81,15.48,-41.15,1.1740866767695479e-07
11,toward_cluster,5,0.31,-7.51,26.84,11,79.29,-77.91,user_1,28.67,-38.74,-44.53,1.6415008019521338e-07
11,toward_cluster,5,0.31,-7.51,26.84,11,79.29,-77.91,user_2,17.48,-41.67,-43.66,1.5299758615583414e-07
11,toward_cluster,5,0.31,-7.51,26.84,11,79.29,-77.91,user_3,22.51,-30.09,-43.88,1.352811977994861e-07
11,toward_cluster,5,0.31,-7.51,26.84,11,79.29,-77.91,user_4,13.61,-33.74,-40.25,1.2949070082868275e-07
11,toward_cluster,5,0.31,-7.51,26.84,11,79.29,-77.91,user_5,23.44,-34.04,-44.16,1.4466661468759412e-07
11,toward_cluster,5,0.31,-7.51,26.84,11,79.29,-77.91,user_6,-23.41,20.75,-44.94,1.4930044756056304e-07
11,toward_cluster,5,0.31,-7.51,26.84,11,79.29,-77.91,user_7,-22.03,22.99,-44.3,1.518153140978029e-07
11,toward_cluster,5,0.31,-7.51,26.84,11,79.29,-77.91,user_8,-19.7,18.9,-45.15,1.3914076646415197e-07
11,toward_cluster,5,0.31,-7.51,26.84,11,79.29,-77.91,user_9,-29.96,14.72,-39.5,1.511218670202652e-07
11,toward_cluster,5,0.31,-7.51,26.84,11,79.29,-77.91,user_10,-26.35,16.32,-39.59,1.4618862564930168e-07
11,toward_cluster,5,0.31,-7.51,26.84,11,79.29,-77.91,user_11,-3.81,15.48,-40.84,1.1495288987362073e-07
11,toward_cluster,6,-0.52,-7.02,26.84,11,79.33,-77.87,user_1,28.67,-38.74,-44.61,1.667930575877108e-07
11,toward_cluster,6,-0.52,-7.02,26.84,11,79.33,-77.87,user_2,17.48,-41.67,-43.76,1.552681823113744e-07
11,toward_cluster,6,-0.52,-7.02,26.84,11,79.33,-77.87,user_3,22.51,-30.09,-43.93,1.3772285001323326e-07
11,toward_cluster,6,-0.52,-7.02,26.84,11,79.33,-77.87,user_4,13.61,-33.74,-40.41,1.3156687828086433e-07
11,toward_cluster,6,-0.52,-7.02,26.84,11,79.33,-77.87,user_5,23.44,-34.04,-44.08,1.4715726592839928e-07
11,toward_cluster,6,-0.52,-7.02,26.84,11,79.33,-77.87,user_6,-23.41,20.75,-44.27,1.4681521065540437e-07
11,toward_cluster,6,-0.52,-7.02,26.84,11,79.33,-77.87,user_7,-22.03,22.99,-44.22,1.4937549508431403e-07
11,toward_cluster,6,-0.52,-7.02,26.84,11,79.33,-77.87,user_8,-19.7,18.9,-45.09,1.3679520804998901e-07
11,toward_cluster,6,-0.52,-7.02,26.84,11,79.33,-77.87,user_9,-29.96,14.72,-39.42,1.484812486296505e-07
11,toward_cluster,6,-0.52,-7.02,26.84,11,79.33,-77.87,user_10,-26.35,16.32,-39.49,1.436286822809052e-07
11,toward_cluster,6,-0.52,-7.02,26.84,11,79.33,-77.87,user_11,-3.81,15.48,-40.65,1.1356814866303466e-07
11,toward_cluster,7,-1.02,-6.73,26.84,11,79.29,-77.91,user_1,28.67,-38.74,-44.53,1.6838384908623993e-07
11,toward_cluster,7,-1.02,-6.73,26.84,11,79.29,-77.91,user_2,17.48,-41.67,-43.82,1.5663910346574994e-07
11,toward_cluster,7,-1.02,-6.73,26.84,11,79.29,-77.91,user_3,22.51,-30.09,-43.96,1.391992157095956e-07
11,toward_cluster,7,-1.02,-6.73,26.84,11,79.29,-77.91,user_4,13.61,-33.74,-40.49,1.3282773636547063e-07
11,toward_cluster,7,-1.02,-6.73,26.84,11,79.29,-77.91,user_5,23.44,-34.04,-44.11,1.4866047592931864e-07
11,toward_cluster,7,-1.02,-6.73,26.84,11,79.29,-77.91,user_6,-23.41,20.75,-44.26,1.4534280978750758e-07
11,toward_cluster,7,-1.02,-6.73,26.84,11,79.29,-77.91,user_7,-22.03,22.99,-44.17,1.4793160119097593e-07
11,toward_cluster,7,-1.02,-6.73,26.84,11,79.29,-77.91,user_8,-19.7,18.9,-45.05,1.354103744688473e-07
11,toward_cluster,7,-1.02,-6.73,26.84,11,79.29,-77.91,user_9,-29.96,14.72,-39.37,1.4690995442379062e-07
11,toward_cluster,7,-1.02,-6.73,26.84,11,79.29,-77.91,user_10,-26.35,16.32,-39.44,1.4210876031484077e-07
11,toward_cluster,7,-1.02,-6.73,26.84,11,79.29,-77.91,user_11,-3.81,15.48,-40.55,1.1278135758630015e-07
12,greedy_exploration,0,43.92,-18.2,33.22,8,60.39,-79.08,user_1,32.39,2.39,-44.31,1.3187587910579168e-07
12,greedy_exploration,0,43.92,-18.2,33.22,8,60.39,-79.08,user_2,36.96,-0.8,-43.3,1.228929136232182e-07
12,greedy_exploration,0,43.92,-18.2,33.22,8,60.39,-79.08,user_3,33.94,-7.03,-44.53,1.1701054347668105e-07
12,greedy_exploration,0,43.92,-18.2,33.22,8,60.39,-79.08,user_4,31.97,-5.45,-45.32,1.2080010947101982e-07
12,greedy_exploration,0,43.92,-18.2,33.22,8,60.39,-79.08,user_5,31.6,4.7,-44.48,1.368162259041128e-07
12,greedy_exploration,0,43.92,-18.2,33.22,8,60.39,-79.08,user_6,20.66,-28.96,-44.04,1.3602560500203253e-07
12,greedy_exploration,0,43.92,-18.2,33.22,8,60.39,-79.08,user_7,27.63,-42.8,-45.94,1.4450228036366752e-07
12,greedy_exploration,0,43.92,-18.2,33.22,8,60.39,-79.08,user_8,10.74,-43.1,-46.99,1.74192024360309e-07
12,greedy_exploration,1,54.98,-4.62,35.61,8,69.76,-78.41,user_1,32.39,2.39,-38.71,1.3845684065927344e-07
12,greedy_exploration,1,54.98,-4.62,35.61,8,69.76,-78.41,user_2,36.96,-0.8,-38.35,1.2930955506362807e-07
12,greedy_exploration,1,54.98,-4.62,35.61,8,69.76,-78.41,user_3,33.94,-7.03,-37.62,1.3392428854785976e-07
12,greedy_exploration,1,54.98,-4.62,35.61,8,69.76,-78.41,user_4,31.97,-5.45,-38.02,1.3727452596867806e-07
12,greedy_exploration,1,54.98,-4.62,35.61,8,69.76,-78.41,user_5,31.6,4.7,-38.87,1.4140043447241624e-07
12,greedy_exploration,1,54.98,-4.62,35.61,8,69.76,-78.41,user_6,20.66,-28.96,-48.44,1.8067322571369004e-07
12,greedy_exploration,1,54.98,-4.62,35.61,8,69.76,-78.41,user_7,27.63,-42.8,-48.97,1.9361741010470723e-07
12,greedy_exploration,1,54.98,-4.62,35.61,8,69.76,-78.41,user_8,10.74,-43.1,-50.87,2.2626809936809877e-07
12,greedy_exploration,2,41.95,-15.04,34.53,8,78.71,-79.93,user_1,32.39,2.39,-44.29,1.2859227638273296e-07
12,greedy_exploration,2,41.95,-15.04,34.53,8,78.71,-79.93,user_2,36.96,-0.8,-43.26,1.2112825231724855e-07
12,greedy_exploration,2,41.95,-15.04,34.53,8,78.71,-79.93,user_3,33.94,-7.03,-45.29,1.1647554742921784e-07
12,greedy_exploration,2,41.95,-15.04,34.53,8,78.71,-79.93,user_4,31.97,-5.45,-45.23,1.1945830635795573e-07
12,greedy_exploration,2,41.95,-15.04,34.53,8,78.71,-79.93,user_5,31.6,4.7,-44.48,1.3291476363974652e-07
12,greedy_exploration,2,41.95,-15.04,34.53,8,78.71,-79.93,user_6,20.66,-28.96,-44.38,1.390610719909091e-07
12,greedy_exploration,2,41.95,-15.04,34.53,8,78.71,-79.93,user_7,27.63,-42.8,-50.26,1.516400374157456e-07
12,greedy_exploration,2,41.95,-15.04,34.53,8,78.71,-79.93,user_8,10.74,-43.1,-47.52,1.7814970476592862e-07
12,greedy_exploration,3,33.81,-21.21,32.14,8,71.97,-79.45,user_1,32.39,2.39,-42.83,1.2909343638511928e-07
12,greedy_exploration,3,33.81,-21.21,32.14,8,71.97,-79.45,user_2,36.96,-0.8,-41.06,1.2325182296990533e-07
12,greedy_exploration,3,33.81,-21.21,32.14,8,71.97,-79.45,user_3,33.94,-7.03,-40.25,1.1261921173399969e-07
12,greedy_exploration,3,33.81,-21.21,32.14,8,71.97,-79.45,user_4,31.97,-5.45,-42.32,1.1509521158359348e-07
12,greedy_exploration,3,33.81,-21.21,32.14,8,71.97,-79.45,user_5,31.6,4.7,-43.89,1.3405050935944018e-07
12,greedy_exploration,3,33.81,-21.21,32.14,8,71.97,-79.45,user_6,20.66,-28.96,-44.28,1.141839334195538e-07
12,greedy_exploration,3,33.81,-21.21,32.14,8,71.97,-79.45,user_7,27.63,-42.8,-50.72,1.267161735540867e-07
12,greedy_exploration,3,33.81,-21.21,32.14,8,71.97,-79.45,user_8,10.74,-43.1,-53.75,1.5456635082955472e-07
12,greedy_exploration,4,33.43,-11.87,33.46,8,82.23,-78.9,user_1,32.39,2.39,-42.34,1.1678891098654276e-07
12,greedy_exploration,4,33.43,-11.87,33.46,8,82.23,-78.9,user_2,36.96,-0.8,-41.46,1.1343372818828357e-07
12,greedy_exploration,4,33.43,-11.87,33.46,8,82.23,-78.9,user_3,33.94,-7.03,-42.55,1.07836022777974e-07
12,greedy_exploration,4,33.43,-11.87,33.46,8,82.23,-78.9,user_4,31.97,-5.45,-42.71,1.0884566847835231e-07
12,greedy_exploration,4,33.43,-11.87,33.46,8,82.23,-78.9,user_5,31.6,4.7,-43.08,1.2023842543840146e-07
12,greedy_exploration,4,33.43,-11.87,33.46,8,82.23,-78.9,user_6,20.66,-28.96,-46.17,1.28176424141202e-07
12,greedy_exploration,4,33.43,-11.87,33.46,8,82.23,-78.9,user_7,27.63,-42.8,-49.89,1.4961182159822783e-07
12,greedy_exploration,4,33.43,-11.87,33.46,8,82.23,-78.9,user_8,10.74,-43.1,-47.65,1.671682099413374e-07
12,greedy_exploration,5,22.67,2.59,30.6,8,83.55,-78.34,user_1,32.39,2.39,-38.19,1.0234105474182797e-07
12,greedy_exploration,5,22.67,2.59,30.6,8,83.55,-78.34,user_2,36.96,-0.8,-38.78,1.0872890499058485e-07
12,greedy_exploration,5,22.67,2.59,30.6,8,83.55,-78.34,user_3,33.94,-7.03,-38.03,1.0892629376257901e-07
12,greedy_exploration,5,22.67,2.59,30.6,8,83.55,-78.34,user_4,31.97,-5.45,-38.47,1.0537360850548794e-07
12,greedy_exploration,5,22.67,2.59,30.6,8,83.55,-78.34,user_5,31.6,4.7,-38.13,1.0177843279279841e-07
12,greedy_exploration,5,22.67,2.59,30.6,8,83.55,-78.34,user_6,20.66,-28.96,-38.39,1.4332594844290725e-07
12,greedy_exploration,5,22.67,2.59,30.6,8,83.55,-78.34,user_7,27.63,-42.8,-39.6,1.806077420951624e-07
12,greedy_exploration,5,22.67,2.59,30.6,8,83.55,-78.34,user_8,10.74,-43.1,-49.58,1.85021690413123e-07
12,greedy_exploration,6,10.04,8.3,32.45,8,78.28,-78.28,user_1,32.39,2.39,-38.01,1.288590993908656e-07
12,greedy_exploration,6,10.04,8.3,32.45,8,78.28,-78.28,user_2,36.96,-0.8,-38.83,1.401524514221819e-07
12,greedy_exploration,6,10.04,8.3,32.45,8,78.28,-78.28,user_3,33.94,-7.03,-37.6,1.4010173288170336e-07
12,greedy_exploration,6,10.04,8.3,32.45,8,78.28,-78.28,user_4,31.97,-5.45,-38.97,1.3458350167638855e-07
12,greedy_exploration,6,10.04,8.3,32.45,8,78.28,-78.28,user_5,31.6,4.7,-37.62,1.2638938073905592e-07
12,greedy_exploration,6,10.04,8.3,32.45,8,78.28,-78.28,user_6,20.66,-28.96,-43.79,1.6540859348879167e-07
12,greedy_exploration,6,10.04,8.3,32.45,8,78.28,-78.28,user_7,27.63,-42.8,-42.69,2.0773627795733773e-07
12,greedy_exploration,6,10.04,8.3,32.45,8,78.28,-78.28,user_8,10.74,-43.1,-42.48,2.0014823576275376e-07
12,greedy_exploration,7,1.35,-4.3,31.19,8,80.6,-78.31,user_1,32.39,2.39,-40.14,1.450038666916953e-07
12,greedy_exploration,7,1.35,-4.3,31.19,8,80.6,-78.31,user_2,36.96,-0.8,-40.25,1.5509181139350403e-07
12,greedy_exploration,7,1.35,-4.3,31.19,8,80.6,-78.31,user_3,33.94,-7.03,-40.83,1.4733782904841064e-07
12,greedy_exploration,7,1.35,-4.3,31.19,8,80.6,-78.31,user_4,31.97,-5.45,-41.31,1.4231905254291632e-07
12,greedy_exploration,7,1.35,-4.3,31.19,8,80.6,-78.31,user_5,31.6,4.7,-40.34,1.445360027219067e-07
12,greedy_exploration,7,1.35,-4.3,31.19,8,80.6,-78.31,user_6,20.66,-28.96,-44.53,1.439547503423455e-07
12,greedy_exploration,7,1.35,-4.3,31.19,8,80.6,-78.31,user_7,27.63,-42.8,-46.53,1.8434914750287135e-07
12,greedy_exploration,7,1.35,-4.3,31.19,8,80.6,-78.31,user_8,10.74,-43.1,-43.31,1.6594965757121827e-07
13,toward_cluster,0,57.82,35.98,29.71,17,59.23,-79.05,user_1,-19.9,54.41,-47.44,2.8256380346647347e-07
13,toward_cluster,0,57.82,35.98,29.71,17,59.23,-79.05,user_2,-21.08,59.07,-47.66,2.8991618705731526e-07
13,toward_cluster,0,57.82,35.98,29.71,17,59.23,-79.05,user_3,-16.45,51.94,-47.06,2.7030134219785396e-07
13,toward_cluster,0,57.82,35.98,29.71,17,59.23,-79.05,user_4,-11.51,43.89,-67.47,2.51061464950908e-07
13,toward_cluster,0,57.82,35.98,29.71,17,59.23,-79.05,user_5,-33.3,44.05,-48.4,3.193130453382764e-07
13,toward_cluster,0,57.82,35.98,29.71,17,59.23,-79.05,user_6,-14.63,49.5,-46.83,2.632325220019993e-07
13,toward_cluster,0,57.82,35.98,29.71,17,59.23,-79.05,user_7,51.64,-10.76,-49.62,1.832667919643427e-07
13,toward_cluster,0,57.82,35.98,29.71,17,59.23,-79.05,user_8,57.18,-16.5,-49.59,1.98753923541517e-07
13,toward_cluster,0,57.82,35.98,29.71,17,59.23,-79.05,user_9,44.38,-3.97,-47.01,1.6918113487918163e-07
13,toward_cluster,0,57.82,35.98,29.71,17,59.23,-79.05,user_10,45.81,-8.65,-49.67,1.8061443540773325e-07
13,toward_cluster,0,57.82,35.98,29.71,17,59.23,-79.05,user_11,52.25,-4.69,-45.18,1.6614296782790916e-07
13,toward_cluster,0,57.82,35.98,29.71,17,59.23,-79.05,user_12,41.68,16.38,-41.8,1.2659904768952401e-07
13,toward_cluster,0,57.82,35.98,29.71,17,59.23,-79.05,user_13,48.11,24.19,-40.92,1.0700558306098173e-07
13,toward_cluster,0,57.82,35.98,29.71,17,59.23,-79.05,user_14,30.03,24.57,-46.12,1.3746225135946588e-07
13,toward_cluster,0,57.82,35.98,29.71,17,59.23,-79.05,user_15,60.38,52.65,-38.82,1.0963285745901885e-07
13,toward_cluster,0,57.82,35.98,29.71,17,59.23,-79.05,user_16,62.77,44.16,-38.23,9.935613576317337e-08
13,toward_cluster,0,57.82,35.98,29.71,17,59.23,-79.05,user_17,66.15,43.57,-48.64,1.0132890082559243e-07
13,toward_cluster,1,45.13,32.5,29.71,17,68.18,-79.86,user_1,-19.9,54.41,-46.3,2.4748462124080106e-07
13,toward_cluster,1,45.13,32.5,29.71,17,68.18,-79.86,user_2,-21.08,59.07,-46.59,2.559011420544266e-07
13,toward_cluster,1,45.13,32.5,29.71,17,68.18,-79.86,user_3,-16.45,51.94,-45.85,2.3505772617227194e-07
13,toward_cluster,1,45.13,32.5,29.71,17,68.18,-79.86,user_4,-11.51,43.89,-44.95,2.1445929121455265e-07
13,toward_cluster,1,45.13,32.5,29.71,17,68.18,-79.86,user_5,-33.3,44.05,-56.56,2.8067930202269054e-07
13,toward_cluster,1,45.13,32.5,29.71,17,68.18,-79.86,user_6,-14.63,49.5,-45.56,2.2760860929338378e-07
13,toward_cluster,1,45.13,32.5,29.71,17,68.18,-79.86,user_7,51.64,-10.76,-48.02,1.7363322513119783e-07
13,toward_cluster,1,45.13,32.5,29.71,17,68.18,-79.86,user_8,57.18,-16.5,-48.28,1.9283369567801856e-07
13,toward_cluster,1,45.13,32.5,29.71,17,68.18,-79.86,user_9,44.38,-3.97,-43.7,1.538170835146957e-07
13,toward_cluster,1,45.13,32.5,29.71,17,68.18,-79.86,user_10,45.81,-8.65,-47.41,1.664343898255538e-07
13,toward_cluster,1,45.13,32.5,29.71,17,68.18,-79.86,user_11,52.25,-4.69,-43.85,1.57504231879102e-07
13,toward_cluster,1,45.13,32.5,29.71,17,68.18,-79.86,user_12,41.68,16.38,-40.18,1.0898723701302515e-07
13,toward_cluster,1,45.13,32.5,29.71,17,68.18,-79.86,user_13,48.11,24.19,-39.53,9.85985479928786e-08
13,toward_cluster,1,45.13,32.5,29.71,17,68.18,-79.86,user_14,30.03,24.57,-43.81,1.0995979948802415e-07
13,toward_cluster,1,45.13,32.5,29.71,17,68.18,-79.86,user_15,60.38,52.65,-47.1,1.2633182677745936e-07
13,toward_cluster,1,45.13,32.5,29.71,17,68.18,-79.86,user_16,62.77,44.16,-47.05,1.1759868101535176e-07
13,toward_cluster,1,45.13,32.5,29.71,17,68.18,-79.86,user_17,66.15,43.57,-48.46,1.2302092500249273e-07
13,toward_cluster,2,37.51,30.41,29.71,17,69.38,-79.57,user_1,-19.9,54.41,-45.57,2.2789316744820098e-07
13,toward_cluster,2,37.51,30.41,29.71,17,69.38,-79.57,user_2,-21.08,59.07,-45.92,2.3704151885795e-07
13,toward_cluster,2,37.51,30.41,29.71,17,69.38,-79.57,user_3,-16.45,51.94,-45.08,2.1542729200518806e-07
13,toward_cluster,2,37.51,30.41,29.71,17,69.38,-79.57,user_4,-11.51,43.89,-56.37,1.9394032335640077e-07
13,toward_cluster,2,37.51,30.41,29.71,17,69.38,-79.57,user_5,-33.3,44.05,-56.92,2.5828953198470117e-07
13,toward_cluster,2,37.51,30.41,29.71,17,69.38,-79.57,user_6,-14.63,49.5,-44.75,2.0774406550572166e-07
13,toward_cluster,2,37.51,30.41,29.71,17,69.38,-79.57,user_7,51.64,-10.76,-48.06,1.730175398506617e-07
13,toward_cluster,2,37.51,30.41,29.71,17,69.38,-79.57,user_8,57.18,-16.5,-48.25,1.9402023099246435e-07
13,toward_cluster,2,37.51,30.41,29.71,17,69.38,-79.57,user_9,44.38,-3.97,-42.39,1.5010328979769838e-07
13,toward_cluster,2,37.51,30.41,29.71,17,69.38,-79.57,user_10,45.81,-8.65,-47.51,1.630844366218298e-07
13,toward_cluster,2,37.51,30.41,29.71,17,69.38,-79.57,user_11,52.25,-4.69,-43.83,1.5805031239324308e-07
13,toward_cluster,2,37.51,30.41,29.71,17,69.38,-79.57,user_12,41.68,16.38,-39.93,1.0601010558275448e-07
13,toward_cluster,2,37.51,30.41,29.71,17,69.38,-79.57,user_13,48.11,24.19,-39.76,1.0264089667089138e-07
13,toward_cluster,2,37.51,30.41,29.71,17,69.38,-79.57,user_14,30.03,24.57,-42.38,9.928001531989139e-08
13,toward_cluster,2,37.51,30.41,29.71,17,69.38,-79.57,user_15,60.38,52.65,-48.67,1.4204734100076166e-07
13,toward_cluster,2,37.51,30.41,29.71,17,69.38,-79.57,user_16,62.77,44.16,-50.16,1.3437848167541233e-07
13,toward_cluster,2,37.51,30.41,29.71,17,69.38,-79.57,user_17,66.15,43.57,-51.74,1.4109561163877515e-07
13,toward_cluster,3,32.94,29.16,29.71,17,70.27,-79.56,user_1,-19.9,54.41,-59.05,2.1682772910480708e-07
13,toward_cluster,3,32.94,29.16,29.71,17,70.27,-79.56,user_2,-21.08,59.07,-45.51,2.2644486818990117e-07
13,toward_cluster,3,32.94,29.16,29.71,17,70.27,-79.56,user_3,-16.45,51.94,-58.78,2.0437720138488658e-07
13,toward_cluster,3,32.94,29.16,29.71,17,70.27,-79.56,user_4,-11.51,43.89,-55.99,1.8235247978282132e-07
13,toward_cluster,3,32.94,29.16,29.71,17,70.27,-79.56,user_5,-33.3,44.05,-58.06,2.4523774300178047e-07
13,toward_cluster,3,32.94,29.16,29.71,17,70.27,-79.56,user_6,-14.63,49.5,-56.08,1.9656025074255012e-07
13,toward_cluster,3,32.94,29.16,29.71,17,70.27,-79.56,user_7,51.64,-10.76,-48.08,1.7457549006394402e-07
13,toward_cluster,3,32.94,29.16,29.71,17,70.27,-79.56,user_8,57.18,-16.5,-48.23,1.964411353583273e-07
13,toward_cluster,3,32.94,29.16,29.71,17,70.27,-79.56,user_9,44.38,-3.97,-42.94,1.500769428730564e-07
13,toward_cluster,3,32.94,29.16,29.71,17,70.27,-79.56,user_10,45.81,-8.65,-47.43,1.631069466156987e-07
13,toward_cluster,3,32.94,29.16,29.71,17,70.27,-79.56,user_11,52.25,-4.69,-43.68,1.6047526685269986e-07
13,toward_cluster,3,32.94,29.16,29.71,17,70.27,-79.56,user_12,41.68,16.38,-40.24,1.0733924682426732e-07
13,toward_cluster,3,32.94,29.16,29.71,17,70.27,-79.56,user_13,48.11,24.19,-39.9,1.0811973538693564e-07
13,toward_cluster,3,32.94,29.16,29.71,17,70.27,-79.56,user_14,30.03,24.57,-36.91,9.582874582747536e-08
13,toward_cluster,3,32.94,29.16,29.71,17,70.27,-79.56,user_15,60.38,52.65,-46.49,1.5287783128314913e-07
13,toward_cluster,3,32.94,29.16,29.71,17,70.27,-79.56,user_16,62.77,44.16,-50.75,1.45803497275665e-07
13,toward_cluster,3,32.94,29.16,29.71,17,70.27,-79.56,user_17,66.15,43.57,-52.13,1.530894309098585e-07
13,toward_cluster,4,30.2,28.41,29.71,17,70.38,-79.26,user_1,-19.9,54.41,-54.67,2.1048433040959935e-07
13,toward_cluster,4,30.2,28.41,29.71,17,70.38,-79.26,user_2,-21.08,59.07,-58.13,2.203916693588326e-07
13,toward_cluster,4,30.2,28.41,29.71,17,70.38,-79.26,user_3,-16.45,51.94,-54.57,1.980619970254338e-07
13,toward_cluster,4,30.2,28.41,29.71,17,70.38,-79.26,user_4,-11.51,43.89,-54.31,1.7572081389971572e-07
13,toward_cluster,4,30.2,28.41,29.71,17,70.38,-79.26,user_5,-33.3,44.05,-57.82,2.37573132721991e-07
13,toward_cluster,4,30.2,28.41,29.71,17,70.38,-79.26,user_6,-14.63,49.5,-54.52,1.9017016938960296e-07
13,toward_cluster,4,30.2,28.41,29.71,17,70.38,-79.26,user_7,51.64,-10.76,-48.1,1.761826808888145e-07
13,toward_cluster,4,30.2,28.41,29.71,17,70.38,-79.26,user_8,57.18,-16.5,-48.21,1.9848135934807942e-07
13,toward_cluster,4,30.2,28.41,29.71,17,70.38,-79.26,user_9,44.38,-3.97,-42.83,1.5085583981999662e-07
13,toward_cluster,4,30.2,28.41,29.71,17,70.38,-79.26,user_10,45.81,-8.65,-47.4,1.638516238244847e-07
13,toward_cluster,4,30.2,28.41,29.71,17,70.38,-79.26,user_11,52.25,-4.69,-43.62,1.6264854707515042e-07
13,toward_cluster,4,30.2,28.41,29.71,17,70.38,-79.26,user_12,41.68,16.38,-40.27,1.0922963866732971e-07
13,toward_cluster,4,30.2,28.41,29.71,17,70.38,-79.26,user_13,48.11,24.19,-40.02,1.1234627095291216e-07
13,toward_cluster,4,30.2,28.41,29.71,17,70.38,-79.26,user_14,30.03,24.57,-36.8,9.496790198681992e-08
13,toward_cluster,4,30.2,28.41,29.71,17,70.38,-79.26,user_15,60.38,52.65,-46.53,1.597703800371164e-07
13,toward_cluster,4,30.2,28.41,29.71,17,70.38,-79.26,user_16,62.77,44.16,-51.01,1.5302818212603597e-07
13,toward_cluster,4,30.2,28.41,29.71,17,70.38,-79.26,user_17,66.15,43.57,-52.32,1.6059759389008832e-07
13,toward_cluster,5,28.56,27.96,29.71,17,70.11,-79.3,user_1,-19.9,54.41,-54.43,2.0680376167092618e-07
13,toward_cluster,5,28.56,27.96,29.71,17,70.11,-79.3,user_2,-21.08,59.07,-56.28,2.1688761364657694e-07
13,toward_cluster,5,28.56,27.96,29.71,17,70.11,-79.3,user_3,-16.45,51.94,-54.13,1.9440646781276882e-07
13,toward_cluster,5,28.56,27.96,29.71,17,70.11,-79.3,user_4,-11.51,43.89,-54.04,1.718801598826758e-07
13,toward_cluster,5,28.56,27.96,29.71,17,70.11,-79.3,user_5,-33.3,44.05,-57.76,2.330501160940912e-07
13,toward_cluster,5,28.56,27.96,29.71,17,70.11,-79.3,user_6,-14.63,49.5,-54.07,1.8647251920356211e-07
13,toward_cluster,5,28.56,27.96,29.71,17,70.11,-79.3,user_7,51.64,-10.76,-48.11,1.773773448121574e-07
13,toward_cluster,5,28.56,27.96,29.71,17,70.11,-79.3,user_8,57.18,-16.5,-48.19,1.9990481803233706e-07
13,toward_cluster,5,28.56,27.96,29.71,17,70.11,-79.3,user_9,44.38,-3.97,-42.77,1.5160117072809953e-07
13,toward_cluster,5,28.56,27.96,29.71,17,70.11,-79.3,user_10,45.81,-8.65,-47.37,1.6455426532502315e-07
13,toward_cluster,5,28.56,27.96,29.71,17,70.11,-79.3,user_11,52.25,-4.69,-43.58,1.6419495807440398e-07
13,toward_cluster,5,28.56,27.96,29.71,17,70.11,-79.3,user_12,41.68,16.38,-41.78,1.1073296946051414e-07
13,toward_cluster,5,28.56,27.96,29.71,17,70.11,-79.3,user_13,48.11,24.19,-40.09,1.151747781591439e-07
13,toward_cluster,5,28.56,27.96,29.71,17,70.11,-79.3,user_14,30.03,24.57,-36.72,9.490217678376212e-08
13,toward_cluster,5,28.56,27.96,29.71,17,70.11,-79.3,user_15,60.38,52.65,-46.53,1.6402104563439934e-07
13,toward_cluster,5,28.56,27.96,29.71,17,70.11,-79.3,user_16,62.77,44.16,-51.15,1.5746797998872353e-07
13,toward_cluster,5,28.56,27.96,29.71,17,70.11,-79.3,user_17,66.15,43.57,-52.12,1.6518949053079268e-07
13,toward_cluster,6,27.57,27.69,29.71,17,69.69,-79.23,user_1,-19.9,54.41,-54.28,2.046236460273576e-07
13,toward_cluster,6,27.57,27.69,29.71,17,69.69,-79.23,user_2,-21.08,59.07,-56.15,2.1481451994986855e-07
13,toward_cluster,6,27.57,27.69,29.71,17,69.69,-79.23,user_3,-16.45,51.94,-53.98,1.9224484049118473e-07
13,toward_cluster,6,27.57,27.69,29.71,17,69.69,-79.23,user_4,-11.51,43.89,-53.75,1.696097200465374e-07
13,toward_cluster,6,27.57,27.69,29.71,17,69.69,-79.23,user_5,-33.3,44.05,-57.66,2.303431188011018e-07
13,toward_cluster,6,27.57,27.69,29.71,17,69.69,-79.23,user_6,-14.63,49.5,-53.9,1.842868471157999e-07
13,toward_cluster,6,27.57,27.69,29.71,17,69.69,-79.23,user_7,51.64,-10.76,-48.11,1.781860419214354e-07
13,toward_cluster,6,27.57,27.69,29.71,17,69.69,-79.23,user_8,57.18,-16.5,-48.18,2.0084081597815384e-07
13,toward_cluster,6,27.57,27.69,29.71,17,69.69,-79.23,user_9,44.38,-3.97,-44.08,1.5215553617053956e-07
13,toward_cluster,6,27.57,27.69,29.71,17,69.69,-79.23,user_10,45.81,-8.65,-47.36,1.650753773674296e-07
13,toward_cluster,6,27.57,27.69,29.71,17,69.69,-79.23,user_11,52.25,-4.69,-43.55,1.652193333256946e-07
13,toward_cluster,6,27.57,27.69,29.71,17,69.69,-79.23,user_12,41.68,16.38,-41.6,1.1177196057587935e-07
13,toward_cluster,6,27.57,27.69,29.71,17,69.69,-79.23,user_13,48.11,24.19,-40.12,1.169828678371232e-07
13,toward_cluster,6,27.57,27.69,29.71,17,69.69,-79.23,user_14,30.03,24.57,-36.69,9.502713993470024e-08
13,toward_cluster,6,27.57,27.69,29.71,17,69.69,-79.23,user_15,60.38,52.65,-46.42,1.6662525581523369e-07
13,toward_cluster,6,27.57,27.69,29.71,17,69.69,-79.23,user_16,62.77,44.16,-51.23,1.6018388748761936e-07
13,toward_cluster,6,27.57,27.69,29.71,17,69.69,-79.23,user_17,66.15,43.57,-52.18,1.679916579178098e-07
13,toward_cluster,7,26.98,27.53,29.71,17,69.69,-79.0,user_1,-19.9,54.41,-54.19,2.033393258216165e-07
13,toward_cluster,7,26.98,27.53,29.71,17,69.69,-79.0,user_2,-21.08,59.07,-54.16,2.1359406332521758e-07
13,toward_cluster,7,26.98,27.53,29.71,17,69.69,-79.0,user_3,-16.45,51.94,-53.88,1.9097284109648172e-07
13,toward_cluster,7,26.98,27.53,29.71,17,69.69,-79.0,user_4,-11.51,43.89,-53.64,1.6827418392040272e-07
13,toward_cluster,7,26.98,27.53,29.71,17,69.69,-79.0,user_5,-33.3,44.05,-57.6,2.2873820171298576e-07
13,toward_cluster,7,26.98,27.53,29.71,17,69.69,-79.0,user_6,-14.63,49.5,-53.8,1.8300107740287785e-07
13,toward_cluster,7,26.98,27.53,29.71,17,69.69,-79.0,user_7,51.64,-10.76,-48.08,1.7869957957827864e-07
13,toward_cluster,7,26.98,27.53,29.71,17,69.69,-79.0,user_8,57.18,-16.5,-47.87,2.0142644530096732e-07
13,toward_cluster,7,26.98,27.53,29.71,17,69.69,-79.0,user_9,44.38,-3.97,-44.0,1.5252356888595386e-07
13,toward_cluster,7,26.98,27.53,29.71,17,69.69,-79.0,user_10,45.81,-8.65,-48.55,1.654210564083769e-07
13,toward_cluster,7,26.98,27.53,29.71,17,69.69,-79.0,user_11,52.25,-4.69,-43.53,1.6586240292326693e-07
13,toward_cluster,7,26.98,27.53,29.71,17,69.69,-79.0,user_12,41.68,16.38,-41.49,1.1243715647424324e-07
13,toward_cluster,7,26.98,27.53,29.71,17,69.69,-79.0,user_13,48.11,24.19,-40.14,1.1809471089918588e-07
13,toward_cluster,7,26.98,27.53,29.71,17,69.69,-79.0,user_14,30.03,24.57,-36.69,9.516041643564677e-08
13,toward_cluster,7,26.98,27.53,29.71,17,69.69,-79.0,user_15,60.38,52.65,-46.42,1.6818970038912084e-07
13,toward_cluster,7,26.98,27.53,29.71,17,69.69,-79.0,user_16,62.77,44.16,-51.27,1.6181418516225676e-07
13,toward_cluster,7,26.98,27.53,29.71,17,69.69,-79.0,user_17,66.15,43.57,-52.21,1.696715088428391e-07
14,greedy_exploration,0,-15.2,-36.1,28.51,11,67.75,-78.67,user_1,13.97,48.28,-55.97,3.5831598665936326e-07
14,greedy_exploration,0,-15.2,-36.1,28.51,11,67.75,-78.67,user_2,9.6,66.07,-58.8,4.2340565187259926e-07
14,greedy_exploration,0,-15.2,-36.1,28.51,11,67.75,-78.67,user_3,15.45,59.68,-64.6,3.914934438853379e-07
14,greedy_exploration,0,-15.2,-36.1,28.51,11,67.75,-78.67,user_4,67.08,-10.18,-56.89,3.6513392842607573e-07
14,greedy_exploration,0,-15.2,-36.1,28.51,11,67.75,-78.67,user_5,55.3,4.58,-54.93,3.0615416335422196e-07
14,greedy_exploration,0,-15.2,-36.1,28.51,11,67.75,-78.67,user_6,56.24,-9.93,-53.56,2.693017790988961e-07
14,greedy_exploration,0,-15.2,-36.1,28.51,11,67.75,-78.67,user_7,56.01,-10.49,-53.5,2.6802192110153555e-07
14,greedy_exploration,0,-15.2,-36.1,28.51,11,67.75,-78.67,user_8,56.69,48.33,-200.0,
14,greedy_exploration,0,-15.2,-36.1,28.51,11,67.75,-78.67,user_9,58.71,60.94,-200.0,
14,greedy_exploration,0,-15.2,-36.1,28.51,11,67.75,-78.67,user_10,47.06,61.08,-200.0,
14,greedy_exploration,0,-15.2,-36.1,28.51,11,67.75,-78.67,user_11,56.34,53.78,-200.0,
14,greedy_exploration,1,-22.52,-43.22,25.52,11,69.07,-77.82,user_1,13.97,48.28,-55.95,3.6239171663510206e-07
14,greedy_exploration,1,-22.52,-43.22,25.52,11,69.07,-77.82,user_2,9.6,66.07,-65.99,4.0754093788564205e-07
14,greedy_exploration,1,-22.52,-43.22,25.52,11,69.07,-77.82,user_3,15.45,59.68,-200.0,
14,greedy_exploration,1,-22.52,-43.22,25.52,11,69.07,-77.82,user_4,67.08,-10.18,-58.41,3.959753485105466e-07
14,greedy_exploration,1,-22.52,-43.22,25.52,11,69.07,-77.82,user_5,55.3,4.58,-56.93,3.3607526006562694e-07
14,greedy_exploration,1,-22.52,-43.22,25.52,11,69.07,-77.82,user_6,56.24,-9.93,-58.34,2.962590599508985e-07
14,greedy_exploration,1,-22.52,-43.22,25.52,11,69.07,-77.82,user_7,56.01,-10.49,-58.35,2.9488222708096146e-07
14,greedy_exploration,1,-22.52,-43.22,25.52,11,69.07,-77.82,user_8,56.69,48.33,-200.0,
14,greedy_exploration,1,-22.52,-43.22,25.52,11,69.07,-77.82,user_9,58.71,60.94,-200.0,
14,greedy_exploration,1,-22.52,-43.22,25.52,11,69.07,-77.82,user_10,47.06,61.08,-200.0,
14,greedy_exploration,1,-22.52,-43.22,25.52,11,69.07,-77.82,user_11,56.34,53.78,-200.0,
14,greedy_exploration,2,-16.03,-28.74,25.11,11,71.97,-78.15,user_1,13.97,48.28,-56.38,3.3487899031570123e-07
14,greedy_exploration,2,-16.03,-28.74,25.11,11,71.97,-78.15,user_2,9.6,66.07,-200.0,
14,greedy_exploration,2,-16.03,-28.74,25.11,11,71.97,-78.15,user_3,15.45,59.68,-200.0,
14,greedy_exploration,2,-16.03,-28.74,25.11,11,71.97,-78.15,user_4,67.08,-10.18,-57.2,3.5010279475500283e-07
14,greedy_exploration,2,-16.03,-28.74,25.11,11,71.97,-78.15,user_5,55.3,4.58,-48.0,2.741649893778231e-07
14,greedy_exploration,2,-16.03,-28.74,25.11,11,71.97,-78.15,user_6,56.24,-9.93,-53.09,2.61251187794187e-07
14,greedy_exploration,2,-16.03,-28.74,25.11,11,71.97,-78.15,user_7,56.01,-10.49,-53.04,2.6009993803199905e-07
14,greedy_exploration,2,-16.03,-28.74,25.11,11,71.97,-78.15,user_8,56.69,48.33,-200.0,
14,greedy_exploration,2,-16.03,-28.74,25.11,11,71.97,-78.15,user_9,58.71,60.94,-66.12,4.6641793005619547e-07
14,greedy_exploration,2,-16.03,-28.74,25.11,11,71.97,-78.15,user_10,47.06,61.08,-65.4,4.3841146180056967e-07
14,greedy_exploration,2,-16.03,-28.74,25.11,11,71.97,-78.15,user_11,56.34,53.78,-200.0,
14,greedy_exploration,3,-1.03,-43.47,24.11,11,64.69,-77.8,user_1,13.97,48.28,-57.42,3.594103077375621e-07
14,greedy_exploration,3,-1.03,-43.47,24.11,11,64.69,-77.8,user_2,9.6,66.07,-58.78,4.1745227008505026e-07
14,greedy_exploration,3,-1.03,-43.47,24.11,11,64.69,-77.8,user_3,15.45,59.68,-55.31,3.901493528246647e-07
14,greedy_exploration,3,-1.03,-43.47,24.11,11,64.69,-77.8,user_4,67.08,-10.18,-58.03,3.4462721032468835e-07
14,greedy_exploration,3,-1.03,-43.47,24.11,11,64.69,-77.8,user_5,55.3,4.58,-56.71,4.262876984739705e-07
14,greedy_exploration,3,-1.03,-43.47,24.11,11,64.69,-77.8,user_6,56.24,-9.93,-54.28,2.3387568148791615e-07
14,greedy_exploration,3,-1.03,-43.47,24.11,11,64.69,-77.8,user_7,56.01,-10.49,-54.25,2.323592838138211e-07
14,greedy_exploration,3,-1.03,-43.47,24.11,11,64.69,-77.8,user_8,56.69,48.33,-200.0,
14,greedy_exploration,3,-1.03,-43.47,24.11,11,64.69,-77.8,user_9,58.71,60.94,-200.0,
14,greedy_exploration,3,-1.03,-43.47,24.11,11,64.69,-77.8,user_10,47.06,61.08,-200.0,
14,greedy_exploration,3,-1.03,-43.47,24.11,11,64.69,-77.8,user_11,56.34,53.78,-200.0,
14,greedy_exploration,4,8.13,-29.7,26.4,11,81.15,-78.74,user_1,13.97,48.28,-51.6,2.7374608180252835e-07
14,greedy_exploration,4,8.13,-29.7,26.4,11,81.15,-78.74,user_2,9.6,66.07,-52.86,3.301115896192641e-07
14,greedy_exploration,4,8.13,-29.7,26.4,11,81.15,-78.74,user_3,15.45,59.68,-52.66,3.104543964127515e-07
14,greedy_exploration,4,8.13,-29.7,26.4,11,81.15,-78.74,user_4,67.08,-10.18,-51.12,2.231676603514643e-07
14,greedy_exploration,4,8.13,-29.7,26.4,11,81.15,-78.74,user_5,55.3,4.58,-50.28,2.114948074449785e-07
14,greedy_exploration,4,8.13,-29.7,26.4,11,81.15,-78.74,user_6,56.24,-9.93,-45.85,1.923550314586464e-07
14,greedy_exploration,4,8.13,-29.7,26.4,11,81.15,-78.74,user_7,56.01,-10.49,-45.89,1.9108094306830026e-07
14,greedy_exploration,4,8.13,-29.7,26.4,11,81.15,-78.74,user_8,56.69,48.33,-60.07,3.1761828722665086e-07
14,greedy_exploration,4,8.13,-29.7,26.4,11,81.15,-78.74,user_9,58.71,60.94,-64.63,3.5605458492682374e-07
14,greedy_exploration,4,8.13,-29.7,26.4,11,81.15,-78.74,user_10,47.06,61.08,-66.42,3.3978645319621137e-07
14,greedy_exploration,4,8.13,-29.7,26.4,11,81.15,-78.74,user_11,56.34,53.78,-63.81,3.321120232158137e-07
14,greedy_exploration,5,6.29,-33.31,24.64,11,79.13,-78.55,user_1,13.97,48.28,-51.84,2.840464219389105e-07
14,greedy_exploration,5,6.29,-33.31,24.64,11,79.13,-78.55,user_2,9.6,66.07,-53.0,3.405426411973167e-07
14,greedy_exploration,5,6.29,-33.31,24.64,11,79.13,-78.55,user_3,15.45,59.68,-52.9,3.210977581602492e-07
14,greedy_exploration,5,6.29,-33.31,24.64,11,79.13,-78.55,user_4,67.08,-10.18,-51.57,2.3027718043522327e-07
14,greedy_exploration,5,6.29,-33.31,24.64,11,79.13,-78.55,user_5,55.3,4.58,-50.68,2.2058375748201797e-07
14,greedy_exploration,5,6.29,-33.31,24.64,11,79.13,-78.55,user_6,56.24,-9.93,-45.88,1.9950050500483485e-07
14,greedy_exploration,5,6.29,-33.31,24.64,11,79.13,-78.55,user_7,56.01,-10.49,-45.86,1.9813511187294353e-07
14,greedy_exploration,5,6.29,-33.31,24.64,11,79.13,-78.55,user_8,56.69,48.33,-60.35,3.292111898645089e-07
14,greedy_exploration,5,6.29,-33.31,24.64,11,79.13,-78.55,user_9,58.71,60.94,-64.9,3.6792553714803944e-07
14,greedy_exploration,5,6.29,-33.31,24.64,11,79.13,-78.55,user_10,47.06,61.08,-66.6,3.5154437227902235e-07
14,greedy_exploration,5,6.29,-33.31,24.64,11,79.13,-78.55,user_11,56.34,53.78,-64.1,3.438321130033728e-07
14,greedy_exploration,6,-3.29,-46.18,25.65,11,66.59,-78.32,user_1,13.97,48.28,-57.72,3.7182300616223074e-07
14,greedy_exploration,6,-3.29,-46.18,25.65,11,66.59,-78.32,user_2,9.6,66.07,-59.02,4.296923918900575e-07
14,greedy_exploration,6,-3.29,-46.18,25.65,11,66.59,-78.32,user_3,15.45,59.68,-55.63,4.0237569010059815e-07
14,greedy_exploration,6,-3.29,-46.18,25.65,11,66.59,-78.32,user_4,67.08,-10.18,-58.37,3.5723275004784227e-07
14,greedy_exploration,6,-3.29,-46.18,25.65,11,66.59,-78.32,user_5,55.3,4.58,-56.67,4.2392520072098705e-07
14,greedy_exploration,6,-3.29,-46.18,25.65,11,66.59,-78.32,user_6,56.24,-9.93,-51.52,2.460497228184977e-07
14,greedy_exploration,6,-3.29,-46.18,25.65,11,66.59,-78.32,user_7,56.01,-10.49,-51.5,2.445160873776331e-07
14,greedy_exploration,6,-3.29,-46.18,25.65,11,66.59,-78.32,user_8,56.69,48.33,-200.0,
14,greedy_exploration,6,-3.29,-46.18,25.65,11,66.59,-78.32,user_9,58.71,60.94,-200.0,
14,greedy_exploration,6,-3.29,-46.18,25.65,11,66.59,-78.32,user_10,47.06,61.08,-200.0,
14,greedy_exploration,6,-3.29,-46.18,25.65,11,66.59,-78.32,user_11,56.34,53.78,-200.0,
14,greedy_exploration,7,-16.11,-34.86,22.91,11,69.34,-77.94,user_1,13.97,48.28,-55.8,3.490577569209563e-07
14,greedy_exploration,7,-16.11,-34.86,22.91,11,69.34,-77.94,user_2,9.6,66.07,-200.0,
14,greedy_exploration,7,-16.11,-34.86,22.91,11,69.34,-77.94,user_3,15.45,59.68,-64.34,3.8258792756096227e-07
14,greedy_exploration,7,-16.11,-34.86,22.91,11,69.34,-77.94,user_4,67.08,-10.18,-56.56,3.6076420428798883e-07
14,greedy_exploration,7,-16.11,-34.86,22.91,11,69.34,-77.94,user_5,55.3,4.58,-48.07,2.8132899387856014e-07
14,greedy_exploration,7,-16.11,-34.86,22.91,11,69.34,-77.94,user_6,56.24,-9.93,-53.44,2.6506103267820436e-07
14,greedy_exploration,7,-16.11,-34.86,22.91,11,69.34,-77.94,user_7,56.01,-10.49,-53.38,2.637810609940061e-07
14,greedy_exploration,7,-16.11,-34.86,22.91,11,69.34,-77.94,user_8,56.69,48.33,-200.0,
14,greedy_exploration,7,-16.11,-34.86,22.91,11,69.34,-77.94,user_9,58.71,60.94,-200.0,
14,greedy_exploration,7,-16.11,-34.86,22.91,11,69.34,-77.94,user_10,47.06,61.08,-65.55,4.512053806138283e-07
14,greedy_exploration,7,-16.11,-34.86,22.91,11,69.34,-77.94,user_11,56.34,53.78,-200.0,
15,toward_cluster,0,-8.82,48.41,30.57,19,64.31,-79.8,user_1,-48.41,-12.32,-57.36,2.6053396595671074e-07
15,toward_cluster,0,-8.82,48.41,30.57,19,64.31,-79.8,user_2,-45.14,-13.4,-56.95,2.58047634815739e-07
15,toward_cluster,0,-8.82,48.41,30.57,19,64.31,-79.8,user_3,-42.17,-8.47,-49.48,2.403657504146395e-07
15,toward_cluster,0,-8.82,48.41,30.57,19,64.31,-79.8,user_4,-37.64,-14.59,-64.45,2.5060978714464e-07
15,toward_cluster,0,-8.82,48.41,30.57,19,64.31,-79.8,user_5,-37.08,-16.39,-64.83,2.549689384068188e-07
15,toward_cluster,0,-8.82,48.41,30.57,19,64.31,-79.8,user_6,-1.93,15.6,-41.06,1.4801501890815416e-07
15,toward_cluster,0,-8.82,48.41,30.57,19,64.31,-79.8,user_7,4.44,9.01,-46.57,1.692078370751915e-07
15,toward_cluster,0,-8.82,48.41,30.57,19,64.31,-79.8,user_8,-1.65,3.5,-45.9,1.8004371327151603e-07
15,toward_cluster,0,-8.82,48.41,30.57,19,64.31,-79.8,user_9,4.41,22.71,-41.98,1.3674450372036517e-07
15,toward_cluster,0,-8.82,48.41,30.57,19,64.31,-79.8,user_10,-33.58,-14.82,-65.07,2.4638976015012304e-07
15,toward_cluster,0,-8.82,48.41,30.57,19,64.31,-79.8,user_11,-33.43,-15.25,-70.24,2.474522204920504e-07
15,toward_cluster,0,-8.82,48.41,30.57,19,64.31,-79.8,user_12,-35.68,-16.69,-65.07,2.541341075357195e-07
15,toward_cluster,0,-8.82,48.41,30.57,19,64.31,-79.8,user_13,-40.86,-26.6,-66.02,2.888388905830652e-07
15,toward_cluster,0,-8.82,48.41,30.57,19,64.31,-79.8,user_14,-39.5,-12.1,-56.22,2.4620075578241085e-07
15,toward_cluster,0,-8.82,48.41,30.57,19,64.31,-79.8,user_15,35.05,38.07,-56.88,1.7890225478822686e-07
15,toward_cluster,0,-8.82,48.41,30.57,19,64.31,-79.8,user_16,34.04,42.99,-43.1,1.7369117699672643e-07
15,toward_cluster,0,-8.82,48.41,30.57,19,64.31,-79.8,user_17,31.16,50.75,-40.68,1.6507010514033027e-07
15,toward_cluster,0,-8.82,48.41,30.57,19,64.31,-79.8,user_18,27.57,36.71,-41.9,1.601867296585624e-07
15,toward_cluster,0,-8.82,48.41,30.57,19,64.31,-79.8,user_19,42.98,34.11,-47.85,2.037963326984027e-07
15,toward_cluster,1,-9.73,33.44,30.57,19,78.2,-79.37,user_1,-48.41,-12.32,-56.45,2.2214427986000373e-07
15,toward_cluster,1,-9.73,33.44,30.57,19,78.2,-79.37,user_2,-45.14,-13.4,-55.23,2.1855242948731757e-07
15,toward_cluster,1,-9.73,33.44,30.57,19,78.2,-79.37,user_3,-42.17,-8.47,-47.49,2.016302147467286e-07
15,toward_cluster,1,-9.73,33.44,30.57,19,78.2,-79.37,user_4,-37.64,-14.59,-55.42,2.0913466869387776e-07
15,toward_cluster,1,-9.73,33.44,30.57,19,78.2,-79.37,user_5,-37.08,-16.39,-55.74,2.1296223451372498e-07
15,toward_cluster,1,-9.73,33.44,30.57,19,78.2,-79.37,user_6,-1.93,15.6,-34.51,1.1670789490381139e-07
15,toward_cluster,1,-9.73,33.44,30.57,19,78.2,-79.37,user_7,4.44,9.01,-40.68,1.351934173499103e-07
15,toward_cluster,1,-9.73,33.44,30.57,19,78.2,-79.37,user_8,-1.65,3.5,-40.04,1.4178455387536815e-07
15,toward_cluster,1,-9.73,33.44,30.57,19,78.2,-79.37,user_9,4.41,22.71,-34.39,1.1361455420910715e-07
15,toward_cluster,1,-9.73,33.44,30.57,19,78.2,-79.37,user_10,-33.58,-14.82,-57.54,2.040723927621002e-07
15,toward_cluster,1,-9.73,33.44,30.57,19,78.2,-79.37,user_11,-33.43,-15.25,-57.66,2.0501227027125424e-07
15,toward_cluster,1,-9.73,33.44,30.57,19,78.2,-79.37,user_12,-35.68,-16.69,-55.91,2.1179307907459588e-07
15,toward_cluster,1,-9.73,33.44,30.57,19,78.2,-79.37,user_13,-40.86,-26.6,-57.19,2.455481080687605e-07
15,toward_cluster,1,-9.73,33.44,30.57,19,78.2,-79.37,user_14,-39.5,-12.1,-55.4,2.0576361237090168e-07
15,toward_cluster,1,-9.73,33.44,30.57,19,78.2,-79.37,user_15,35.05,38.07,-45.35,1.7875269975320407e-07
15,toward_cluster,1,-9.73,33.44,30.57,19,78.2,-79.37,user_16,34.04,42.99,-49.9,1.7813945873967896e-07
15,toward_cluster,1,-9.73,33.44,30.57,19,78.2,-79.37,user_17,31.16,50.75,-50.67,1.7703088417420076e-07
15,toward_cluster,1,-9.73,33.44,30.57,19,78.2,-79.37,user_18,27.57,36.71,-42.16,1.581195050448514e-07
15,toward_cluster,1,-9.73,33.44,30.57,19,78.2,-79.37,user_19,42.98,34.11,-48.55,2.0080052820503624e-07
15,toward_cluster,2,-10.42,22.23,30.57,19,80.64,-79.42,user_1,-48.41,-12.32,-54.84,1.9683129437453317e-07
15,toward_cluster,2,-10.42,22.23,30.57,19,80.64,-79.42,user_2,-45.14,-13.4,-54.76,1.921989110087452e-07
15,toward_cluster,2,-10.42,22.23,30.57,19,80.64,-79.42,user_3,-42.17,-8.47,-46.08,1.7636732252412912e-07
15,toward_cluster,2,-10.42,22.23,30.57,19,80.64,-79.42,user_4,-37.64,-14.59,-54.74,1.809167997635086e-07
15,toward_cluster,2,-10.42,22.23,30.57,19,80.64,-79.42,user_5,-37.08,-16.39,-55.54,1.8413598468214332e-07
15,toward_cluster,2,-10.42,22.23,30.57,19,80.64,-79.42,user_6,-1.93,15.6,-34.43,1.0341034339944599e-07
15,toward_cluster,2,-10.42,22.23,30.57,19,80.64,-79.42,user_7,4.44,9.01,-42.37,1.1749094852575581e-07
15,toward_cluster,2,-10.42,22.23,30.57,19,80.64,-79.42,user_8,-1.65,3.5,-39.36,1.1900296925659859e-07
15,toward_cluster,2,-10.42,22.23,30.57,19,80.64,-79.42,user_9,4.41,22.71,-34.32,1.0886788714969953e-07
15,toward_cluster,2,-10.42,22.23,30.57,19,80.64,-79.42,user_10,-33.58,-14.82,-56.7,1.7505450955468405e-07
15,toward_cluster,2,-10.42,22.23,30.57,19,80.64,-79.42,user_11,-33.43,-15.25,-56.93,1.7585108480488998e-07
15,toward_cluster,2,-10.42,22.23,30.57,19,80.64,-79.42,user_12,-35.68,-16.69,-56.8,1.8263658319028764e-07
15,toward_cluster,2,-10.42,22.23,30.57,19,80.64,-79.42,user_13,-40.86,-26.6,-56.73,2.1503960567770264e-07
15,toward_cluster,2,-10.42,22.23,30.57,19,80.64,-79.42,user_14,-39.5,-12.1,-54.78,1.7867517954073264e-07
15,toward_cluster,2,-10.42,22.23,30.57,19,80.64,-79.42,user_15,35.05,38.07,-46.47,1.8761285502932878e-07
15,toward_cluster,2,-10.42,22.23,30.57,19,80.64,-79.42,user_16,34.04,42.99,-44.41,1.902407831266828e-07
15,toward_cluster,2,-10.42,22.23,30.57,19,80.64,-79.42,user_17,31.16,50.75,-47.91,1.941375131764289e-07
15,toward_cluster,2,-10.42,22.23,30.57,19,80.64,-79.42,user_18,27.57,36.71,-42.53,1.6671448577199044e-07
15,toward_cluster,2,-10.42,22.23,30.57,19,80.64,-79.42,user_19,42.98,34.11,-48.18,2.066417721380276e-07
15,toward_cluster,3,-10.83,15.5,30.57,19,80.84,-79.36,user_1,-48.41,-12.32,-54.04,1.8365038556567015e-07
15,toward_cluster,3,-10.83,15.5,30.57,19,80.84,-79.36,user_2,-45.14,-13.4,-53.5,1.783071041927542e-07
15,toward_cluster,3,-10.83,15.5,30.57,19,80.84,-79.36,user_3,-42.17,-8.47,-44.87,1.6347435405350552e-07
15,toward_cluster,3,-10.83,15.5,30.57,19,80.84,-79.36,user_4,-37.64,-14.59,-53.65,1.6575312145050702e-07
15,toward_cluster,3,-10.83,15.5,30.57,19,80.84,-79.36,user_5,-37.08,-16.39,-53.28,1.6847792494445457e-07
15,toward_cluster,3,-10.83,15.5,30.57,19,80.84,-79.36,user_6,-1.93,15.6,-34.48,1.0141032902311053e-07
15,toward_cluster,3,-10.83,15.5,30.57,19,80.84,-79.36,user_7,4.44,9.01,-45.68,1.116497330144739e-07
15,toward_cluster,3,-10.83,15.5,30.57,19,80.84,-79.36,user_8,-1.65,3.5,-40.37,1.0928168592272414e-07
15,toward_cluster,3,-10.83,15.5,30.57,19,80.84,-79.36,user_9,4.41,22.71,-34.38,1.1209474592988045e-07
15,toward_cluster,3,-10.83,15.5,30.57,19,80.84,-79.36,user_10,-33.58,-14.82,-53.28,1.5934206487600022e-07
15,toward_cluster,3,-10.83,15.5,30.57,19,80.84,-79.36,user_11,-33.43,-15.25,-53.53,1.6001997948933422e-07
15,toward_cluster,3,-10.83,15.5,30.57,19,80.84,-79.36,user_12,-35.68,-16.69,-54.14,1.667414721850946e-07
15,toward_cluster,3,-10.83,15.5,30.57,19,80.84,-79.36,user_13,-40.86,-26.6,-53.53,1.9788183180935448e-07
15,toward_cluster,3,-10.83,15.5,30.57,19,80.84,-79.36,user_14,-39.5,-12.1,-53.31,1.643897036274211e-07
15,toward_cluster,3,-10.83,15.5,30.57,19,80.84,-79.36,user_15,35.05,38.07,-47.27,1.9619250224423013e-07
15,toward_cluster,3,-10.83,15.5,30.57,19,80.84,-79.36,user_16,34.04,42.99,-44.7,2.0052951299476263e-07
15,toward_cluster,3,-10.83,15.5,30.57,19,80.84,-79.36,user_17,31.16,50.75,-46.83,2.069922402370139e-07
15,toward_cluster,3,-10.83,15.5,30.57,19,80.84,-79.36,user_18,27.57,36.71,-42.76,1.75541217117825e-07
15,toward_cluster,3,-10.83,15.5,30.57,19,80.84,-79.36,user_19,42.98,34.11,-47.49,2.1324407839529158e-07
15,toward_cluster,4,-11.08,11.46,30.57,19,79.48,-79.7,user_1,-48.41,-12.32,-55.53,1.7663413132140704e-07
15,toward_cluster,4,-11.08,11.46,30.57,19,79.48,-79.7,user_2,-45.14,-13.4,-54.17,1.7084109060760966e-07
15,toward_cluster,4,-11.08,11.46,30.57,19,79.48,-79.7,user_3,-42.17,-8.47,-48.37,1.5677008491365996e-07
15,toward_cluster,4,-11.08,11.46,30.57,19,79.48,-79.7,user_4,-37.64,-14.59,-51.02,1.5748680937122117e-07
15,toward_cluster,4,-11.08,11.46,30.57,19,79.48,-79.7,user_5,-37.08,-16.39,-52.99,1.598564693949811e-07
15,toward_cluster,4,-11.08,11.46,30.57,19,79.48,-79.7,user_6,-1.93,15.6,-34.44,1.0259072524831936e-07
15,toward_cluster,4,-11.08,11.46,30.57,19,79.48,-79.7,user_7,4.44,9.01,-47.18,1.1022451928965893e-07
15,toward_cluster,4,-11.08,11.46,30.57,19,79.48,-79.7,user_8,-1.65,3.5,-43.14,1.053424441010975e-07
15,toward_cluster,4,-11.08,11.46,30.57,19,79.48,-79.7,user_9,4.41,22.71,-34.37,1.1610558203756227e-07
15,toward_cluster,4,-11.08,11.46,30.57,19,79.48,-79.7,user_10,-33.58,-14.82,-52.34,1.5073085535277642e-07
15,toward_cluster,4,-11.08,11.46,30.57,19,79.48,-79.7,user_11,-33.43,-15.25,-52.38,1.513223821802967e-07
15,toward_cluster,4,-11.08,11.46,30.57,19,79.48,-79.7,user_12,-35.68,-16.69,-52.82,1.579646067284557e-07
15,toward_cluster,4,-11.08,11.46,30.57,19,79.48,-79.7,user_13,-40.86,-26.6,-53.41,1.8811586244282807e-07
15,toward_cluster,4,-11.08,11.46,30.57,19,79.48,-79.7,user_14,-39.5,-12.1,-52.19,1.567337619690079e-07
15,toward_cluster,4,-11.08,11.46,30.57,19,79.48,-79.7,user_15,35.05,38.07,-47.72,2.0238115894244402e-07
15,toward_cluster,4,-11.08,11.46,30.57,19,79.48,-79.7,user_16,34.04,42.99,-44.81,2.0764251473792683e-07
15,toward_cluster,4,-11.08,11.46,30.57,19,79.48,-79.7,user_17,31.16,50.75,-46.26,2.1547791106968361e-07
15,toward_cluster,4,-11.08,11.46,30.57,19,79.48,-79.7,user_18,27.57,36.71,-42.86,1.8198205964381486e-07
15,toward_cluster,4,-11.08,11.46,30.57,19,79.48,-79.7,user_19,42.98,34.11,-47.73,2.1823787221819657e-07
15,toward_cluster,5,-11.23,9.04,30.57,19,77.43,-77.9,user_1,-48.41,-12.32,-46.47,1.7279994324326253e-07
15,toward_cluster,5,-11.23,9.04,30.57,19,77.43,-77.9,user_2,-45.14,-13.4,-45.65,1.66732220918675e-07
15,toward_cluster,5,-11.23,9.04,30.57,19,77.43,-77.9,user_3,-42.17,-8.47,-37.59,1.5318360624405614e-07
15,toward_cluster,5,-11.23,9.04,30.57,19,77.43,-77.9,user_4,-37.64,-14.59,-44.19,1.528921131921379e-07
15,toward_cluster,5,-11.23,9.04,30.57,19,77.43,-77.9,user_5,-37.08,-16.39,-43.68,1.550255888105312e-07
15,toward_cluster,5,-11.23,9.04,30.57,19,77.43,-77.9,user_6,-1.93,15.6,-43.08,1.041333703710734e-07
15,toward_cluster,5,-11.23,9.04,30.57,19,77.43,-77.9,user_7,4.44,9.01,-35.82,1.1015772827249748e-07
15,toward_cluster,5,-11.23,9.04,30.57,19,77.43,-77.9,user_8,-1.65,3.5,-37.03,1.0375574532872633e-07
15,toward_cluster,5,-11.23,9.04,30.57,19,77.43,-77.9,user_9,4.41,22.71,-42.43,1.191782601495106e-07
15,toward_cluster,5,-11.23,9.04,30.57,19,77.43,-77.9,user_10,-33.58,-14.82,-43.39,1.4592760066989285e-07
15,toward_cluster,5,-11.23,9.04,30.57,19,77.43,-77.9,user_11,-33.43,-15.25,-43.53,1.4646117563188454e-07
15,toward_cluster,5,-11.23,9.04,30.57,19,77.43,-77.9,user_12,-35.68,-16.69,-43.81,1.530365238977538e-07
15,toward_cluster,5,-11.23,9.04,30.57,19,77.43,-77.9,user_13,-40.86,-26.6,-45.29,1.8249374988954514e-07
15,toward_cluster,5,-11.23,9.04,30.57,19,77.43,-77.9,user_14,-39.5,-12.1,-44.88,1.5253608864895796e-07
15,toward_cluster,5,-11.23,9.04,30.57,19,77.43,-77.9,user_15,35.05,38.07,-61.99,2.0642319498165307e-07
15,toward_cluster,5,-11.23,9.04,30.57,19,77.43,-77.9,user_16,34.04,42.99,-54.83,2.122013142979995e-07
15,toward_cluster,5,-11.23,9.04,30.57,19,77.43,-77.9,user_17,31.16,50.75,-54.81,2.2080081407693797e-07
15,toward_cluster,5,-11.23,9.04,30.57,19,77.43,-77.9,user_18,27.57,36.71,-52.8,1.8620326613927318e-07
15,toward_cluster,5,-11.23,9.04,30.57,19,77.43,-77.9,user_19,42.98,34.11,-58.13,2.21570289227202e-07
15,toward_cluster,6,-11.32,7.59,30.57,19,80.84,-77.96,user_1,-48.41,-12.32,-46.51,1.7064471080630028e-07
15,toward_cluster,6,-11.32,7.59,30.57,19,80.84,-77.96,user_2,-45.14,-13.4,-45.57,1.644114746568448e-07
15,toward_cluster,6,-11.32,7.59,30.57,19,80.84,-77.96,user_3,-42.17,-8.47,-37.6,1.5120099305931944e-07
15,toward_cluster,6,-11.32,7.59,30.57,19,80.84,-77.96,user_4,-37.64,-14.59,-43.56,1.5028012967377435e-07
15,toward_cluster,6,-11.32,7.59,30.57,19,80.84,-77.96,user_5,-37.08,-16.39,-43.6,1.522632544492808e-07
15,toward_cluster,6,-11.32,7.59,30.57,19,80.84,-77.96,user_6,-1.93,15.6,-42.42,1.0534485994639908e-07
15,toward_cluster,6,-11.32,7.59,30.57,19,80.84,-77.96,user_7,4.44,9.01,-35.99,1.1040209813018009e-07
15,toward_cluster,6,-11.32,7.59,30.57,19,80.84,-77.96,user_8,-1.65,3.5,-37.22,1.030978467042587e-07
15,toward_cluster,6,-11.32,7.59,30.57,19,80.84,-77.96,user_9,4.41,22.71,-41.58,1.2124090176257596e-07
15,toward_cluster,6,-11.32,7.59,30.57,19,80.84,-77.96,user_10,-33.58,-14.82,-43.29,1.4319113006422413e-07
15,toward_cluster,6,-11.32,7.59,30.57,19,80.84,-77.96,user_11,-33.43,-15.25,-43.43,1.4368765732797328e-07
15,toward_cluster,6,-11.32,7.59,30.57,19,80.84,-77.96,user_12,-35.68,-16.69,-43.71,1.5021471710952028e-07
15,toward_cluster,6,-11.32,7.59,30.57,19,80.84,-77.96,user_13,-40.86,-26.6,-44.77,1.7921529149589333e-07
15,toward_cluster,6,-11.32,7.59,30.57,19,80.84,-77.96,user_14,-39.5,-12.1,-44.93,1.5017326404631604e-07
15,toward_cluster,6,-11.32,7.59,30.57,19,80.84,-77.96,user_15,35.05,38.07,-61.21,2.089579282937848e-07
15,toward_cluster,6,-11.32,7.59,30.57,19,80.84,-77.96,user_16,34.04,42.99,-53.51,2.1503252867205447e-07
15,toward_cluster,6,-11.32,7.59,30.57,19,80.84,-77.96,user_17,31.16,50.75,-54.8,2.2406969435451174e-07
15,toward_cluster,6,-11.32,7.59,30.57,19,80.84,-77.96,user_18,27.57,36.71,-52.13,1.8885359054365836e-07
15,toward_cluster,6,-11.32,7.59,30.57,19,80.84,-77.96,user_19,42.98,34.11,-57.59,2.2368364227531856e-07
15,toward_cluster,7,-11.37,6.72,30.57,19,82.58,-78.2,user_1,-48.41,-12.32,-48.52,1.694147044872807e-07
15,toward_cluster,7,-11.37,6.72,30.57,19,82.58,-78.2,user_2,-45.14,-13.4,-45.95,1.630815233966132e-07
15,toward_cluster,7,-11.37,6.72,30.57,19,82.58,-78.2,user_3,-42.17,-8.47,-39.66,1.500831245948575e-07
15,toward_cluster,7,-11.37,6.72,30.57,19,82.58,-78.2,user_4,-37.64,-14.59,-43.4,1.487745890926817e-07
15,toward_cluster,7,-11.37,6.72,30.57,19,82.58,-78.2,user_5,-37.08,-16.39,-43.45,1.5066395064877725e-07
15,toward_cluster,7,-11.37,6.72,30.57,19,82.58,-78.2,user_6,-1.93,15.6,-42.03,1.0616737000646026e-07
15,toward_cluster,7,-11.37,6.72,30.57,19,82.58,-78.2,user_7,4.44,9.01,-36.13,1.1064401661542433e-07
15,toward_cluster,7,-11.37,6.72,30.57,19,82.58,-78.2,user_8,-1.65,3.5,-37.29,1.0280657392058856e-07
15,toward_cluster,7,-11.37,6.72,30.57,19,82.58,-78.2,user_9,4.41,22.71,-42.03,1.225480730226991e-07
15,toward_cluster,7,-11.37,6.72,30.57,19,82.58,-78.2,user_10,-33.58,-14.82,-43.2,1.4161047090510692e-07
15,toward_cluster,7,-11.37,6.72,30.57,19,82.58,-78.2,user_11,-33.43,-15.25,-43.34,1.4208379184310616e-07
15,toward_cluster,7,-11.37,6.72,30.57,19,82.58,-78.2,user_12,-35.68,-16.69,-43.56,1.4857907615350996e-07
15,toward_cluster,7,-11.37,6.72,30.57,19,82.58,-78.2,user_13,-40.86,-26.6,-45.11,1.7729007595335133e-07
15,toward_cluster,7,-11.37,6.72,30.57,19,82.58,-78.2,user_14,-39.5,-12.1,-44.98,1.4882171228691732e-07
15,toward_cluster,7,-11.37,6.72,30.57,19,82.58,-78.2,user_15,35.05,38.07,-61.23,2.105078351632983e-07
15,toward_cluster,7,-11.37,6.72,30.57,19,82.58,-78.2,user_16,34.04,42.99,-54.37,2.167562342947349e-07
15,toward_cluster,7,-11.37,6.72,30.57,19,82.58,-78.2,user_17,31.16,50.75,-54.44,2.2604983485052799e-07
15,toward_cluster,7,-11.37,6.72,30.57,19,82.58,-78.2,user_18,27.57,36.71,-52.84,1.9047614330247598e-07
15,toward_cluster,7,-11.37,6.72,30.57,19,82.58,-78.2,user_19,42.98,34.11,-57.5,2.2498149121474853e-07
16,greedy_exploration,0,10.9,55.44,34.2,14,66.94,-80.1,user_1,21.64,-28.46,-54.95,3.0249401561377454e-07
16,greedy_exploration,0,10.9,55.44,34.2,14,66.94,-80.1,user_2,17.33,-34.02,-200.0,
16,greedy_exploration,0,10.9,55.44,34.2,14,66.94,-80.1,user_3,26.3,-33.51,-48.61,3.2026582630351186e-07
16,greedy_exploration,0,10.9,55.44,34.2,14,66.94,-80.1,user_4,-21.91,-39.84,-59.38,3.7656892004633846e-07
16,greedy_exploration,0,10.9,55.44,34.2,14,66.94,-80.1,user_5,-20.54,-47.58,-59.71,4.005697746833903e-07
16,greedy_exploration,0,10.9,55.44,34.2,14,66.94,-80.1,user_6,-8.56,-32.84,-56.28,3.2066142807707365e-07
16,greedy_exploration,0,10.9,55.44,34.2,14,66.94,-80.1,user_7,-12.28,-36.51,-200.0,
16,greedy_exploration,0,10.9,55.44,34.2,14,66.94,-80.1,user_8,-14.38,-37.26,-200.0,
16,greedy_exploration,0,10.9,55.44,34.2,14,66.94,-80.1,user_9,-18.44,-36.52,-64.49,3.7276893749549345e-07
16,greedy_exploration,0,10.9,55.44,34.2,14,66.94,-80.1,user_10,56.35,-24.01,-55.06,3.242149375637382e-07
16,greedy_exploration,0,10.9,55.44,34.2,14,66.94,-80.1,user_11,47.26,-32.44,-51.24,3.354638522523601e-07
16,greedy_exploration,0,10.9,55.44,34.2,14,66.94,-80.1,user_12,38.33,-25.28,-51.75,3.045755079256196e-07
16,greedy_exploration,0,10.9,55.44,34.2,14,66.94,-80.1,user_13,38.94,-30.39,-51.87,3.203312815003301e-07
16,greedy_exploration,0,10.9,55.44,34.2,14,66.94,-80.1,user_14,55.27,-16.67,-55.04,3.027512605058291e-07
16,greedy_exploration,1,16.38,52.94,33.51,14,65.2,-79.29,user_1,21.64,-28.46,-46.81,2.922879218658636e-07
16,greedy_exploration,1,16.38,52.94,33.51,14,65.2,-79.29,user_2,17.33,-34.02,-44.58,3.0911121484678006e-07
16,greedy_exploration,1,16.38,52.94,33.51,14,65.2,-79.29,user_3,26.3,-33.51,-45.12,3.0927432703720115e-07
16,greedy_exploration,1,16.38,52.94,33.51,14,65.2,-79.29,user_4,-21.91,-39.84,-60.07,3.776573294089758e-07
16,greedy_exploration,1,16.38,52.94,33.51,14,65.2,-79.29,user_5,-20.54,-47.58,-60.33,4.0126485600922024e-07
16,greedy_exploration,1,16.38,52.94,33.51,14,65.2,-79.29,user_6,-8.56,-32.84,-56.46,3.165319810705114e-07
16,greedy_exploration,1,16.38,52.94,33.51,14,65.2,-79.29,user_7,-12.28,-36.51,-200.0,
16,greedy_exploration,1,16.38,52.94,33.51,14,65.2,-79.29,user_8,-14.38,-37.26,-200.0,
16,greedy_exploration,1,16.38,52.94,33.51,14,65.2,-79.29,user_9,-18.44,-36.52,-60.54,3.7468043956323527e-07
16,greedy_exploration,1,16.38,52.94,33.51,14,65.2,-79.29,user_10,56.35,-24.01,-58.79,3.0831756703264546e-07
16,greedy_exploration,1,16.38,52.94,33.51,14,65.2,-79.29,user_11,47.26,-32.44,-50.63,3.211229113730951e-07
16,greedy_exploration,1,16.38,52.94,33.51,14,65.2,-79.29,user_12,38.33,-25.28,-51.08,2.912686909439799e-07
16,greedy_exploration,1,16.38,52.94,33.51,14,65.2,-79.29,user_13,38.94,-30.39,-51.5,3.0712325838067045e-07
16,greedy_exploration,1,16.38,52.94,33.51,14,65.2,-79.29,user_14,55.27,-16.67,-54.78,2.866056263428618e-07
16,greedy_exploration,2,27.15,64.09,35.1,14,63.57,-79.91,user_1,21.64,-28.46,-48.76,3.289425762886822e-07
16,greedy_exploration,2,27.15,64.09,35.1,14,63.57,-79.91,user_2,17.33,-34.02,-46.58,3.474669085790083e-07
16,greedy_exploration,2,27.15,64.09,35.1,14,63.57,-79.91,user_3,26.3,-33.51,-43.77,3.443221601173718e-07
16,greedy_exploration,2,27.15,64.09,35.1,14,63.57,-79.91,user_4,-21.91,-39.84,-61.53,4.2779376485668763e-07
16,greedy_exploration,2,27.15,64.09,35.1,14,63.57,-79.91,user_5,-20.54,-47.58,-61.72,4.5127012526791077e-07
16,greedy_exploration,2,27.15,64.09,35.1,14,63.57,-79.91,user_6,-8.56,-32.84,-66.34,3.6233700484444853e-07
16,greedy_exploration,2,27.15,64.09,35.1,14,63.57,-79.91,user_7,-12.28,-36.51,-200.0,
16,greedy_exploration,2,27.15,64.09,35.1,14,63.57,-79.91,user_8,-14.38,-37.26,-200.0,
16,greedy_exploration,2,27.15,64.09,35.1,14,63.57,-79.91,user_9,-18.44,-36.52,-61.97,4.2517734755165293e-07
16,greedy_exploration,2,27.15,64.09,35.1,14,63.57,-79.91,user_10,56.35,-24.01,-57.15,3.292534245247225e-07
16,greedy_exploration,2,27.15,64.09,35.1,14,63.57,-79.91,user_11,47.26,-32.44,-54.72,3.474740992714942e-07
16,greedy_exploration,2,27.15,64.09,35.1,14,63.57,-79.91,user_12,38.33,-25.28,-52.33,3.206546637102292e-07
16,greedy_exploration,2,27.15,64.09,35.1,14,63.57,-79.91,user_13,38.94,-30.39,-56.26,3.3679125976959767e-07
16,greedy_exploration,2,27.15,64.09,35.1,14,63.57,-79.91,user_14,55.27,-16.67,-56.5,3.0647751714241167e-07
16,greedy_exploration,3,12.84,64.19,34.55,14,66.94,-80.27,user_1,21.64,-28.46,-53.03,3.2943174232968886e-07
16,greedy_exploration,3,12.84,64.19,34.55,14,66.94,-80.27,user_2,17.33,-34.02,-51.61,3.459699371433089e-07
16,greedy_exploration,3,12.84,64.19,34.55,14,66.94,-80.27,user_3,26.3,-33.51,-46.08,3.469509692877182e-07
16,greedy_exploration,3,12.84,64.19,34.55,14,66.94,-80.27,user_4,-21.91,-39.84,-59.81,4.0460642480866227e-07
16,greedy_exploration,3,12.84,64.19,34.55,14,66.94,-80.27,user_5,-20.54,-47.58,-60.13,4.2886429696409323e-07
16,greedy_exploration,3,12.84,64.19,34.55,14,66.94,-80.27,user_6,-8.56,-32.84,-57.03,3.492892801659764e-07
16,greedy_exploration,3,12.84,64.19,34.55,14,66.94,-80.27,user_7,-12.28,-36.51,-200.0,
16,greedy_exploration,3,12.84,64.19,34.55,14,66.94,-80.27,user_8,-14.38,-37.26,-200.0,
16,greedy_exploration,3,12.84,64.19,34.55,14,66.94,-80.27,user_9,-18.44,-36.52,-65.22,4.004525635536993e-07
16,greedy_exploration,3,12.84,64.19,34.55,14,66.94,-80.27,user_10,56.35,-24.01,-59.62,3.460823734258156e-07
16,greedy_exploration,3,12.84,64.19,34.55,14,66.94,-80.27,user_11,47.26,-32.44,-51.71,3.594823567709682e-07
16,greedy_exploration,3,12.84,64.19,34.55,14,66.94,-80.27,user_12,38.33,-25.28,-52.19,3.2931620808085427e-07
16,greedy_exploration,3,12.84,64.19,34.55,14,66.94,-80.27,user_13,38.94,-30.39,-52.55,3.4534579640421725e-07
16,greedy_exploration,3,12.84,64.19,34.55,14,66.94,-80.27,user_14,55.27,-16.67,-55.56,3.239343300265318e-07
16,greedy_exploration,4,6.2,57.76,37.01,14,66.05,-80.52,user_1,21.64,-28.46,-52.25,3.152708529796655e-07
16,greedy_exploration,4,6.2,57.76,37.01,14,66.05,-80.52,user_2,17.33,-34.02,-200.0,
16,greedy_exploration,4,6.2,57.76,37.01,14,66.05,-80.52,user_3,26.3,-33.51,-56.03,3.3348371175634384e-07
16,greedy_exploration,4,6.2,57.76,37.01,14,66.05,-80.52,user_4,-21.91,-39.84,-65.38,3.7925104834357626e-07
16,greedy_exploration,4,6.2,57.76,37.01,14,66.05,-80.52,user_5,-20.54,-47.58,-66.06,4.034100129501894e-07
16,greedy_exploration,4,6.2,57.76,37.01,14,66.05,-80.52,user_6,-8.56,-32.84,-56.28,3.283053331415431e-07
16,greedy_exploration,4,6.2,57.76,37.01,14,66.05,-80.52,user_7,-12.28,-36.51,-200.0,
16,greedy_exploration,4,6.2,57.76,37.01,14,66.05,-80.52,user_8,-14.38,-37.26,-200.0,
16,greedy_exploration,4,6.2,57.76,37.01,14,66.05,-80.52,user_9,-18.44,-36.52,-64.91,3.747660173303302e-07
16,greedy_exploration,4,6.2,57.76,37.01,14,66.05,-80.52,user_10,56.35,-24.01,-64.52,3.4118752978429256e-07
16,greedy_exploration,4,6.2,57.76,37.01,14,66.05,-80.52,user_11,47.26,-32.44,-67.42,3.5116110552735336e-07
16,greedy_exploration,4,6.2,57.76,37.01,14,66.05,-80.52,user_12,38.33,-25.28,-67.4,3.1975102388059895e-07
16,greedy_exploration,4,6.2,57.76,37.01,14,66.05,-80.52,user_13,38.94,-30.39,-73.22,3.352823512159375e-07
16,greedy_exploration,4,6.2,57.76,37.01,14,66.05,-80.52,user_14,55.27,-16.67,-58.64,3.200937896963296e-07
16,greedy_exploration,5,-2.76,53.27,36.09,14,64.46,-80.48,user_1,21.64,-28.46,-56.04,3.3065182947211724e-07
16,greedy_exploration,5,-2.76,53.27,36.09,14,64.46,-80.48,user_2,17.33,-34.02,-56.75,4.0536079382036405e-07
16,greedy_exploration,5,-2.76,53.27,36.09,14,64.46,-80.48,user_3,26.3,-33.51,-52.65,3.2634298463563027e-07
16,greedy_exploration,5,-2.76,53.27,36.09,14,64.46,-80.48,user_4,-21.91,-39.84,-54.43,3.374221648755338e-07
16,greedy_exploration,5,-2.76,53.27,36.09,14,64.46,-80.48,user_5,-20.54,-47.58,-66.26,3.7830838550689805e-07
16,greedy_exploration,5,-2.76,53.27,36.09,14,64.46,-80.48,user_6,-8.56,-32.84,-55.59,3.101435765984206e-07
16,greedy_exploration,5,-2.76,53.27,36.09,14,64.46,-80.48,user_7,-12.28,-36.51,-200.0,
16,greedy_exploration,5,-2.76,53.27,36.09,14,64.46,-80.48,user_8,-14.38,-37.26,-200.0,
16,greedy_exploration,5,-2.76,53.27,36.09,14,64.46,-80.48,user_9,-18.44,-36.52,-64.86,3.485879176423623e-07
16,greedy_exploration,5,-2.76,53.27,36.09,14,64.46,-80.48,user_10,56.35,-24.01,-65.92,3.4443877439116477e-07
16,greedy_exploration,5,-2.76,53.27,36.09,14,64.46,-80.48,user_11,47.26,-32.44,-66.52,3.5055461466981797e-07
16,greedy_exploration,5,-2.76,53.27,36.09,14,64.46,-80.48,user_12,38.33,-25.28,-69.24,3.1741140560370695e-07
16,greedy_exploration,5,-2.76,53.27,36.09,14,64.46,-80.48,user_13,38.94,-30.39,-70.04,3.324674366922409e-07
16,greedy_exploration,5,-2.76,53.27,36.09,14,64.46,-80.48,user_14,55.27,-16.67,-200.0,
16,greedy_exploration,6,4.16,53.48,38.53,14,64.31,-80.56,user_1,21.64,-28.46,-53.75,3.055515094274597e-07
16,greedy_exploration,6,4.16,53.48,38.53,14,64.31,-80.56,user_2,17.33,-34.02,-200.0,
16,greedy_exploration,6,4.16,53.48,38.53,14,64.31,-80.56,user_3,26.3,-33.51,-54.18,3.238950228023896e-07
16,greedy_exploration,6,4.16,53.48,38.53,14,64.31,-80.56,user_4,-21.91,-39.84,-65.13,3.6594050811800116e-07
16,greedy_exploration,6,4.16,53.48,38.53,14,64.31,-80.56,user_5,-20.54,-47.58,-65.83,3.898992133599677e-07
16,greedy_exploration,6,4.16,53.48,38.53,14,64.31,-80.56,user_6,-8.56,-32.84,-55.89,3.1616809792467393e-07
16,greedy_exploration,6,4.16,53.48,38.53,14,64.31,-80.56,user_7,-12.28,-36.51,-200.0,
16,greedy_exploration,6,4.16,53.48,38.53,14,64.31,-80.56,user_8,-14.38,-37.26,-200.0,
16,greedy_exploration,6,4.16,53.48,38.53,14,64.31,-80.56,user_9,-18.44,-36.52,-64.65,3.615098478348955e-07
16,greedy_exploration,6,4.16,53.48,38.53,14,64.31,-80.56,user_10,56.35,-24.01,-200.0,
16,greedy_exploration,6,4.16,53.48,38.53,14,64.31,-80.56,user_11,47.26,-32.44,-66.82,3.436046540628013e-07
16,greedy_exploration,6,4.16,53.48,38.53,14,64.31,-80.56,user_12,38.33,-25.28,-60.48,3.1187698823487153e-07
16,greedy_exploration,6,4.16,53.48,38.53,14,64.31,-80.56,user_13,38.94,-30.39,-60.41,3.2708072694731527e-07
16,greedy_exploration,6,4.16,53.48,38.53,14,64.31,-80.56,user_14,55.27,-16.67,-200.0,
16,greedy_exploration,7,14.38,38.9,37.53,14,57.57,-80.01,user_1,21.64,-28.46,-71.23,2.559599465712381e-07
16,greedy_exploration,7,14.38,38.9,37.53,14,57.57,-80.01,user_2,17.33,-34.02,-52.16,2.7148490744366427e-07
16,greedy_exploration,7,14.38,38.9,37.53,14,57.57,-80.01,user_3,26.3,-33.51,-63.57,2.726966386035201e-07
16,greedy_exploration,7,14.38,38.9,37.53,14,57.57,-80.01,user_4,-21.91,-39.84,-59.73,3.411842044442892e-07
16,greedy_exploration,7,14.38,38.9,37.53,14,57.57,-80.01,user_5,-20.54,-47.58,-59.96,3.6375257650433923e-07
16,greedy_exploration,7,14.38,38.9,37.53,14,57.57,-80.01,user_6,-8.56,-32.84,-55.4,2.7850168748955184e-07
16,greedy_exploration,7,14.38,38.9,37.53,14,57.57,-80.01,user_7,-12.28,-36.51,-200.0,
16,greedy_exploration,7,14.38,38.9,37.53,14,57.57,-80.01,user_8,-14.38,-37.26,-200.0,
16,greedy_exploration,7,14.38,38.9,37.53,14,57.57,-80.01,user_9,-18.44,-36.52,-60.33,3.391900804672332e-07
16,greedy_exploration,7,14.38,38.9,37.53,14,57.57,-80.01,user_10,56.35,-24.01,-200.0,
16,greedy_exploration,7,14.38,38.9,37.53,14,57.57,-80.01,user_11,47.26,-32.44,-65.62,2.882705985030043e-07
16,greedy_exploration,7,14.38,38.9,37.53,14,57.57,-80.01,user_12,38.33,-25.28,-65.72,2.5818025051194127e-07
16,greedy_exploration,7,14.38,38.9,37.53,14,57.57,-80.01,user_13,38.94,-30.39,-72.32,2.7308405492476595e-07
16,greedy_exploration,7,14.38,38.9,37.53,14,57.57,-80.01,user_14,55.27,-16.67,-200.0,
17,toward_cluster,0,-5.38,53.66,24.48,18,62.56,-79.12,user_1,27.8,17.89,-51.86,1.7989238187965384e-07
17,toward_cluster,0,-5.38,53.66,24.48,18,62.56,-79.12,user_2,33.12,21.11,-56.16,1.8481475194676023e-07
17,toward_cluster,0,-5.38,53.66,24.48,18,62.56,-79.12,user_3,16.22,28.08,-48.29,1.35452353333676e-07
17,toward_cluster,0,-5.38,53.66,24.48,18,62.56,-79.12,user_4,28.62,23.61,-47.73,1.6966194493761577e-07
17,toward_cluster,0,-5.38,53.66,24.48,18,62.56,-79.12,user_5,35.38,29.13,-47.17,1.7622728876176552e-07
17,toward_cluster,0,-5.38,53.66,24.48,18,62.56,-79.12,user_6,25.83,28.46,-48.72,1.5420565091517346e-07
17,toward_cluster,0,-5.38,53.66,24.48,18,62.56,-79.12,user_7,-17.8,22.71,-44.24,1.350930176613474e-07
17,toward_cluster,0,-5.38,53.66,24.48,18,62.56,-79.12,user_8,-26.65,10.4,-43.72,1.7813449915138335e-07
17,toward_cluster,0,-5.38,53.66,24.48,18,62.56,-79.12,user_9,-34.18,15.22,-48.95,1.7761009019068297e-07
17,toward_cluster,0,-5.38,53.66,24.48,18,62.56,-79.12,user_10,-30.19,19.5,-40.34,1.603372226099964e-07
17,toward_cluster,0,-5.38,53.66,24.48,18,62.56,-79.12,user_11,-32.03,2.04,-50.24,2.0838886882756924e-07
17,toward_cluster,0,-5.38,53.66,24.48,18,62.56,-79.12,user_12,-34.89,8.26,-56.69,1.9621055002971843e-07
17,toward_cluster,0,-5.38,53.66,24.48,18,62.56,-79.12,user_13,-30.48,1.91,-49.85,2.0659852850712923e-07
17,toward_cluster,0,-5.38,53.66,24.48,18,62.56,-79.12,user_14,-34.13,15.4,-48.92,1.7708674704408622e-07
17,toward_cluster,0,-5.38,53.66,24.48,18,62.56,-79.12,user_15,5.84,-34.63,-50.4,3.066085980663047e-07
17,toward_cluster,0,-5.38,53.66,24.48,18,62.56,-79.12,user_16,3.85,-36.94,-55.89,3.723914403508388e-07
17,toward_cluster,0,-5.38,53.66,24.48,18,62.56,-79.12,user_17,21.61,-31.4,-55.62,3.3279982858402946e-07
17,toward_cluster,0,-5.38,53.66,24.48,18,62.56,-79.12,user_18,10.2,-39.61,-54.95,3.9142449281825975e-07
17,toward_cluster,1,-4.26,38.7,24.48,18,53.16,-78.45,user_1,27.8,17.89,-53.48,1.4876286513754167e-07
17,toward_cluster,1,-4.26,38.7,24.48,18,53.16,-78.45,user_2,33.12,21.11,-60.57,1.576863297714226e-07
17,toward_cluster,1,-4.26,38.7,24.48,18,53.16,-78.45,user_3,16.22,28.08,-52.49,1.0861572263820563e-07
17,toward_cluster,1,-4.26,38.7,24.48,18,53.16,-78.45,user_4,28.62,23.61,-54.86,1.429618095016849e-07
17,toward_cluster,1,-4.26,38.7,24.48,18,53.16,-78.45,user_5,35.38,29.13,-64.44,1.5613488812959986e-07
17,toward_cluster,1,-4.26,38.7,24.48,18,53.16,-78.45,user_6,25.83,28.46,-54.86,1.308296759816585e-07
17,toward_cluster,1,-4.26,38.7,24.48,18,53.16,-78.45,user_7,-17.8,22.71,-50.52,1.037321055719076e-07
17,toward_cluster,1,-4.26,38.7,24.48,18,53.16,-78.45,user_8,-26.65,10.4,-51.69,1.427047209290322e-07
17,toward_cluster,1,-4.26,38.7,24.48,18,53.16,-78.45,user_9,-34.18,15.22,-59.53,1.4822400373759592e-07
17,toward_cluster,1,-4.26,38.7,24.48,18,53.16,-78.45,user_10,-30.19,19.5,-51.48,1.321303386703221e-07
17,toward_cluster,1,-4.26,38.7,24.48,18,53.16,-78.45,user_11,-32.03,2.04,-54.57,1.7149245934433566e-07
17,toward_cluster,1,-4.26,38.7,24.48,18,53.16,-78.45,user_12,-34.89,8.26,-200.0,
17,toward_cluster,1,-4.26,38.7,24.48,18,53.16,-78.45,user_13,-30.48,1.91,-54.56,1.6907036126667663e-07
17,toward_cluster,1,-4.26,38.7,24.48,18,53.16,-78.45,user_14,-34.13,15.4,-59.5,1.4779513435314584e-07
17,toward_cluster,1,-4.26,38.7,24.48,18,53.16,-78.45,user_15,5.84,-34.63,-54.16,2.5853648821794195e-07
17,toward_cluster,1,-4.26,38.7,24.48,18,53.16,-78.45,user_16,3.85,-36.94,-200.0,
17,toward_cluster,1,-4.26,38.7,24.48,18,53.16,-78.45,user_17,21.61,-31.4,-58.18,2.8944140240128036e-07
17,toward_cluster,1,-4.26,38.7,24.48,18,53.16,-78.45,user_18,10.2,-39.61,-200.0,
17,toward_cluster,2,-3.26,25.47,24.48,18,77.89,-78.53,user_1,27.8,17.89,-40.83,1.3133534082498954e-07
17,toward_cluster,2,-3.26,25.47,24.48,18,77.89,-78.53,user_2,33.12,21.11,-45.47,1.4426770178488368e-07
17,toward_cluster,2,-3.26,25.47,24.48,18,77.89,-78.53,user_3,16.22,28.08,-38.21,1.0086455404234584e-07
17,toward_cluster,2,-3.26,25.47,24.48,18,77.89,-78.53,user_4,28.62,23.61,-39.73,1.3123423059369088e-07
17,toward_cluster,2,-3.26,25.47,24.48,18,77.89,-78.53,user_5,35.38,29.13,-46.02,1.504564721699353e-07
17,toward_cluster,2,-3.26,25.47,24.48,18,77.89,-78.53,user_6,25.83,28.46,-39.62,1.2405931215653254e-07
17,toward_cluster,2,-3.26,25.47,24.48,18,77.89,-78.53,user_7,-17.8,22.71,-37.39,9.117409405234866e-08
17,toward_cluster,2,-3.26,25.47,24.48,18,77.89,-78.53,user_8,-26.65,10.4,-40.96,1.203735280341789e-07
17,toward_cluster,2,-3.26,25.47,24.48,18,77.89,-78.53,user_9,-34.18,15.22,-45.21,1.329741081690372e-07
17,toward_cluster,2,-3.26,25.47,24.48,18,77.89,-78.53,user_10,-30.19,19.5,-39.48,1.1975583902312792e-07
17,toward_cluster,2,-3.26,25.47,24.48,18,77.89,-78.53,user_11,-32.03,2.04,-45.0,1.455791505122761e-07
17,toward_cluster,2,-3.26,25.47,24.48,18,77.89,-78.53,user_12,-34.89,8.26,-50.21,1.424877495992405e-07
17,toward_cluster,2,-3.26,25.47,24.48,18,77.89,-78.53,user_13,-30.48,1.91,-44.98,1.424627953383606e-07
17,toward_cluster,2,-3.26,25.47,24.48,18,77.89,-78.53,user_14,-34.13,15.4,-44.68,1.3269153953388013e-07
17,toward_cluster,2,-3.26,25.47,24.48,18,77.89,-78.53,user_15,5.84,-34.63,-47.22,2.167627854987586e-07
17,toward_cluster,2,-3.26,25.47,24.48,18,77.89,-78.53,user_16,3.85,-36.94,-51.08,2.2310526048840984e-07
17,toward_cluster,2,-3.26,25.47,24.48,18,77.89,-78.53,user_17,21.61,-31.4,-50.37,2.2077796302255592e-07
17,toward_cluster,2,-3.26,25.47,24.48,18,77.89,-78.53,user_18,10.2,-39.61,-51.67,2.3455646669390262e-07
17,toward_cluster,3,-2.66,17.53,24.48,18,78.4,-78.77,user_1,27.8,17.89,-39.36,1.272808844987594e-07
17,toward_cluster,3,-2.66,17.53,24.48,18,78.4,-78.77,user_2,33.12,21.11,-44.8,1.4234649370337138e-07
17,toward_cluster,3,-2.66,17.53,24.48,18,78.4,-78.77,user_3,16.22,28.08,-39.29,1.0526244409447827e-07
17,toward_cluster,3,-2.66,17.53,24.48,18,78.4,-78.77,user_4,28.62,23.61,-39.71,1.310480257643576e-07
17,toward_cluster,3,-2.66,17.53,24.48,18,78.4,-78.77,user_5,35.38,29.13,-46.18,1.5321025159664714e-07
17,toward_cluster,3,-2.66,17.53,24.48,18,78.4,-78.77,user_6,25.83,28.46,-40.45,1.2742083299599472e-07
17,toward_cluster,3,-2.66,17.53,24.48,18,78.4,-78.77,user_7,-17.8,22.71,-37.81,9.34058306256702e-08
17,toward_cluster,3,-2.66,17.53,24.48,18,78.4,-78.77,user_8,-26.65,10.4,-40.03,1.1333511196198742e-07
17,toward_cluster,3,-2.66,17.53,24.48,18,78.4,-78.77,user_9,-34.18,15.22,-44.17,1.30343195792193e-07
17,toward_cluster,3,-2.66,17.53,24.48,18,78.4,-78.77,user_10,-30.19,19.5,-38.95,1.1979837211129052e-07
17,toward_cluster,3,-2.66,17.53,24.48,18,78.4,-78.77,user_11,-32.03,2.04,-43.57,1.3469616533257067e-07
17,toward_cluster,3,-2.66,17.53,24.48,18,78.4,-78.77,user_12,-34.89,8.26,-42.74,1.3560871536810737e-07
17,toward_cluster,3,-2.66,17.53,24.48,18,78.4,-78.77,user_13,-30.48,1.91,-43.47,1.3115547403685923e-07
17,toward_cluster,3,-2.66,17.53,24.48,18,78.4,-78.77,user_14,-34.13,15.4,-44.71,1.301745555792877e-07
17,toward_cluster,3,-2.66,17.53,24.48,18,78.4,-78.77,user_15,5.84,-34.63,-46.68,1.922265937537304e-07
17,toward_cluster,3,-2.66,17.53,24.48,18,78.4,-78.77,user_16,3.85,-36.94,-50.08,1.983918735959378e-07
17,toward_cluster,3,-2.66,17.53,24.48,18,78.4,-78.77,user_17,21.61,-31.4,-49.99,1.976562913341695e-07
17,toward_cluster,3,-2.66,17.53,24.48,18,78.4,-78.77,user_18,10.2,-39.61,-50.76,2.098656324278636e-07
17,toward_cluster,4,-2.3,12.77,24.48,18,77.16,-79.32,user_1,27.8,17.89,-38.98,1.2746795619023032e-07
17,toward_cluster,4,-2.3,12.77,24.48,18,77.16,-79.32,user_2,33.12,21.11,-44.64,1.4355710220570472e-07
17,toward_cluster,4,-2.3,12.77,24.48,18,77.16,-79.32,user_3,16.22,28.08,-40.14,1.1090524765222654e-07
17,toward_cluster,4,-2.3,12.77,24.48,18,77.16,-79.32,user_4,28.62,23.61,-40.0,1.334936712282797e-07
17,toward_cluster,4,-2.3,12.77,24.48,18,77.16,-79.32,user_5,35.38,29.13,-46.35,1.5700602773449646e-07
17,toward_cluster,4,-2.3,12.77,24.48,18,77.16,-79.32,user_6,25.83,28.46,-40.62,1.3198155102145392e-07
17,toward_cluster,4,-2.3,12.77,24.48,18,77.16,-79.32,user_7,-17.8,22.71,-38.42,9.822507252010837e-08
17,toward_cluster,4,-2.3,12.77,24.48,18,77.16,-79.32,user_8,-26.65,10.4,-39.49,1.119613060041047e-07
17,toward_cluster,4,-2.3,12.77,24.48,18,77.16,-79.32,user_9,-34.18,15.22,-42.49,1.3134199150499626e-07
17,toward_cluster,4,-2.3,12.77,24.48,18,77.16,-79.32,user_10,-30.19,19.5,-38.47,1.2261487825071526e-07
17,toward_cluster,4,-2.3,12.77,24.48,18,77.16,-79.32,user_11,-32.03,2.04,-50.6,1.3035000279160158e-07
17,toward_cluster,4,-2.3,12.77,24.48,18,77.16,-79.32,user_12,-34.89,8.26,-42.9,1.3386390662617487e-07
17,toward_cluster,4,-2.3,12.77,24.48,18,77.16,-79.32,user_13,-30.48,1.91,-50.19,1.2658449577429565e-07
17,toward_cluster,4,-2.3,12.77,24.48,18,77.16,-79.32,user_14,-34.13,15.4,-42.85,1.312457555968649e-07
17,toward_cluster,4,-2.3,12.77,24.48,18,77.16,-79.32,user_15,5.84,-34.63,-46.33,1.777962381765974e-07
17,toward_cluster,4,-2.3,12.77,24.48,18,77.16,-79.32,user_16,3.85,-36.94,-49.43,1.838233743001183e-07
17,toward_cluster,4,-2.3,12.77,24.48,18,77.16,-79.32,user_17,21.61,-31.4,-49.75,1.8423965286729072e-07
17,toward_cluster,4,-2.3,12.77,24.48,18,77.16,-79.32,user_18,10.2,-39.61,-50.18,1.952987105369175e-07
17,toward_cluster,5,-2.09,9.91,24.48,18,75.65,-79.93,user_1,27.8,17.89,-38.83,1.2854873432388558e-07
17,toward_cluster,5,-2.09,9.91,24.48,18,75.65,-79.93,user_2,33.12,21.11,-44.6,1.4513926771542174e-07
17,toward_cluster,5,-2.09,9.91,24.48,18,75.65,-79.93,user_3,16.22,28.08,-40.41,1.1523590615070134e-07
17,toward_cluster,5,-2.09,9.91,24.48,18,75.65,-79.93,user_4,28.62,23.61,-39.96,1.3585827218776103e-07
17,toward_cluster,5,-2.09,9.91,24.48,18,75.65,-79.93,user_5,35.38,29.13,-46.43,1.600235037813036e-07
17,toward_cluster,5,-2.09,9.91,24.48,18,75.65,-79.93,user_6,25.83,28.46,-40.67,1.355645338207978e-07
17,toward_cluster,5,-2.09,9.91,24.48,18,75.65,-79.93,user_7,-17.8,22.71,-38.65,1.0219939383659948e-07
17,toward_cluster,5,-2.09,9.91,24.48,18,75.65,-79.93,user_8,-26.65,10.4,-36.93,1.1220424056546108e-07
17,toward_cluster,5,-2.09,9.91,24.48,18,75.65,-79.93,user_9,-34.18,15.22,-42.81,1.32842487232665e-07
17,toward_cluster,5,-2.09,9.91,24.48,18,75.65,-79.93,user_10,-30.19,19.5,-38.4,1.2523803150088497e-07
17,toward_cluster,5,-2.09,9.91,24.48,18,75.65,-79.93,user_11,-32.03,2.04,-53.51,1.2860272136094864e-07
17,toward_cluster,5,-2.09,9.91,24.48,18,75.65,-79.93,user_12,-34.89,8.26,-70.3,1.3370232920806302e-07
17,toward_cluster,5,-2.09,9.91,24.48,18,75.65,-79.93,user_13,-30.48,1.91,-51.65,1.2472229116156086e-07
17,toward_cluster,5,-2.09,9.91,24.48,18,75.65,-79.93,user_14,-34.13,15.4,-42.82,1.3278960864226974e-07
17,toward_cluster,5,-2.09,9.91,24.48,18,75.65,-79.93,user_15,5.84,-34.63,-45.83,1.69257958759772e-07
17,toward_cluster,5,-2.09,9.91,24.48,18,75.65,-79.93,user_16,3.85,-36.94,-49.01,1.751858178522525e-07
17,toward_cluster,5,-2.09,9.91,24.48,18,75.65,-79.93,user_17,21.61,-31.4,-48.62,1.763884256433812e-07
17,toward_cluster,5,-2.09,9.91,24.48,18,75.65,-79.93,user_18,10.2,-39.61,-49.81,1.866575018993899e-07
17,toward_cluster,6,-1.96,8.19,24.48,18,77.39,-77.59,user_1,27.8,17.89,-50.49,1.2952547479017085e-07
17,toward_cluster,6,-1.96,8.19,24.48,18,77.39,-77.59,user_2,33.12,21.11,-57.57,1.4637396361649735e-07
17,toward_cluster,6,-1.96,8.19,24.48,18,77.39,-77.59,user_3,16.22,28.08,-50.11,1.1813089884071815e-07
17,toward_cluster,6,-1.96,8.19,24.48,18,77.39,-77.59,user_4,28.62,23.61,-51.09,1.3757217232068797e-07
17,toward_cluster,6,-1.96,8.19,24.48,18,77.39,-77.59,user_5,35.38,29.13,-58.15,1.6207368958021107e-07
17,toward_cluster,6,-1.96,8.19,24.48,18,77.39,-77.59,user_6,25.83,28.46,-50.97,1.3798580766888335e-07
17,toward_cluster,6,-1.96,8.19,24.48,18,77.39,-77.59,user_7,-17.8,22.71,-50.55,1.0494375146663515e-07
17,toward_cluster,6,-1.96,8.19,24.48,18,77.39,-77.59,user_8,-26.65,10.4,-38.2,1.1275059819126909e-07
17,toward_cluster,6,-1.96,8.19,24.48,18,77.39,-77.59,user_9,-34.18,15.22,-53.59,1.3407573362655967e-07
17,toward_cluster,6,-1.96,8.19,24.48,18,77.39,-77.59,user_10,-30.19,19.5,-50.46,1.2714565400528954e-07
17,toward_cluster,6,-1.96,8.19,24.48,18,77.39,-77.59,user_11,-32.03,2.04,-37.81,1.2789509185040515e-07
17,toward_cluster,6,-1.96,8.19,24.48,18,77.39,-77.59,user_12,-34.89,8.26,-40.87,1.3394458164839307e-07
17,toward_cluster,6,-1.96,8.19,24.48,18,77.39,-77.59,user_13,-30.48,1.91,-37.56,1.2395436499446078e-07
17,toward_cluster,6,-1.96,8.19,24.48,18,77.39,-77.59,user_14,-34.13,15.4,-53.51,1.3404850562892534e-07
17,toward_cluster,6,-1.96,8.19,24.48,18,77.39,-77.59,user_15,5.84,-34.63,-40.18,1.6417564552284603e-07
17,toward_cluster,6,-1.96,8.19,24.48,18,77.39,-77.59,user_16,3.85,-36.94,-42.8,1.7003765151457628e-07
17,toward_cluster,6,-1.96,8.19,24.48,18,77.39,-77.59,user_17,21.61,-31.4,-42.89,1.717448014915135e-07
17,toward_cluster,6,-1.96,8.19,24.48,18,77.39,-77.59,user_18,10.2,-39.61,-43.27,1.8150257119486923e-07
17,toward_cluster,7,-1.88,7.16,24.48,18,78.13,-77.44,user_1,27.8,17.89,-49.86,1.302231709132684e-07
17,toward_cluster,7,-1.88,7.16,24.48,18,78.13,-77.44,user_2,33.12,21.11,-57.32,1.4721037189247e-07
17,toward_cluster,7,-1.88,7.16,24.48,18,78.13,-77.44,user_3,16.22,28.08,-50.18,1.1995962267974392e-07
17,toward_cluster,7,-1.88,7.16,24.48,18,78.13,-77.44,user_4,28.62,23.61,-50.89,1.3869740200789238e-07
17,toward_cluster,7,-1.88,7.16,24.48,18,78.13,-77.44,user_5,35.38,29.13,-58.08,1.633806618883682e-07
17,toward_cluster,7,-1.88,7.16,24.48,18,78.13,-77.44,user_6,25.83,28.46,-51.49,1.3952448796317185e-07
17,toward_cluster,7,-1.88,7.16,24.48,18,78.13,-77.44,user_7,-17.8,22.71,-50.09,1.0670553507452496e-07
17,toward_cluster,7,-1.88,7.16,24.48,18,78.13,-77.44,user_8,-26.65,10.4,-38.22,1.1322183723905255e-07
17,toward_cluster,7,-1.88,7.16,24.48,18,78.13,-77.44,user_9,-34.18,15.22,-51.23,1.3493207973169774e-07
17,toward_cluster,7,-1.88,7.16,24.48,18,78.13,-77.44,user_10,-30.19,19.5,-49.44,1.284032009607472e-07
17,toward_cluster,7,-1.88,7.16,24.48,18,78.13,-77.44,user_11,-32.03,2.04,-37.87,1.275993781746365e-07
17,toward_cluster,7,-1.88,7.16,24.48,18,78.13,-77.44,user_12,-34.89,8.26,-40.88,1.342134510196047e-07
17,toward_cluster,7,-1.88,7.16,24.48,18,78.13,-77.44,user_13,-30.48,1.91,-37.62,1.2362602319626603e-07
17,toward_cluster,7,-1.88,7.16,24.48,18,78.13,-77.44,user_14,-34.13,15.4,-51.23,1.3492000050518982e-07
17,toward_cluster,7,-1.88,7.16,24.48,18,78.13,-77.44,user_15,5.84,-34.63,-40.13,1.6115264145355468e-07
17,toward_cluster,7,-1.88,7.16,24.48,18,78.13,-77.44,user_16,3.85,-36.94,-42.77,1.6697285332156753e-07
17,toward_cluster,7,-1.88,7.16,24.48,18,78.13,-77.44,user_17,21.61,-31.4,-44.0,1.689933952775391e-07
17,toward_cluster,7,-1.88,7.16,24.48,18,78.13,-77.44,user_18,10.2,-39.61,-42.97,1.784315202257858e-07
18,greedy_exploration,0,-21.14,-7.8,26.85,15,82.93,-77.8,user_1,35.67,15.12,-48.72,2.2114379305548937e-07
18,greedy_exploration,0,-21.14,-7.8,26.85,15,82.93,-77.8,user_2,45.25,2.41,-46.01,2.394818068296445e-07
18,greedy_exploration,0,-21.14,-7.8,26.85,15,82.93,-77.8,user_3,44.51,11.62,-57.31,2.4351732008653926e-07
18,greedy_exploration,0,-21.14,-7.8,26.85,15,82.93,-77.8,user_4,42.4,21.06,-49.73,2.476666622897028e-07
18,greedy_exploration,0,-21.14,-7.8,26.85,15,82.93,-77.8,user_5,-18.17,-24.36,-36.27,1.0148667684006796e-07
18,greedy_exploration,0,-21.14,-7.8,26.85,15,82.93,-77.8,user_6,-23.99,-23.62,-36.63,1.0012577433826664e-07
18,greedy_exploration,0,-21.14,-7.8,26.85,15,82.93,-77.8,user_7,-10.54,-23.99,-42.05,1.0638019887210248e-07
18,greedy_exploration,0,-21.14,-7.8,26.85,15,82.93,-77.8,user_8,-21.83,-24.09,-36.56,1.0053860677317061e-07
18,greedy_exploration,0,-21.14,-7.8,26.85,15,82.93,-77.8,user_9,-7.5,-30.39,-42.68,1.220580401195548e-07
18,greedy_exploration,0,-21.14,-7.8,26.85,15,82.93,-77.8,user_10,-13.57,-25.62,-43.49,1.0640014380669527e-07
18,greedy_exploration,0,-21.14,-7.8,26.85,15,82.93,-77.8,user_11,-32.93,41.65,-58.38,1.8948463775814162e-07
18,greedy_exploration,0,-21.14,-7.8,26.85,15,82.93,-77.8,user_12,-20.02,37.04,-38.99,1.7185843148581625e-07
18,greedy_exploration,0,-21.14,-7.8,26.85,15,82.93,-77.8,user_13,-23.92,31.59,-39.89,1.5652378237973608e-07
18,greedy_exploration,0,-21.14,-7.8,26.85,15,82.93,-77.8,user_14,-18.6,36.15,-38.88,1.6945176639637793e-07
18,greedy_exploration,0,-21.14,-7.8,26.85,15,82.93,-77.8,user_15,-18.94,41.86,-39.61,1.861268970060337e-07
18,greedy_exploration,1,-24.68,-15.33,26.91,15,77.31,-78.22,user_1,35.67,15.12,-55.3,2.408829971045634e-07
18,greedy_exploration,1,-24.68,-15.33,26.91,15,77.31,-78.22,user_2,45.25,2.41,-55.78,2.551401223627181e-07
18,greedy_exploration,1,-24.68,-15.33,26.91,15,77.31,-78.22,user_3,44.51,11.62,-63.12,2.617835832552373e-07
18,greedy_exploration,1,-24.68,-15.33,26.91,15,77.31,-78.22,user_4,42.4,21.06,-55.95,2.6829891908164427e-07
18,greedy_exploration,1,-24.68,-15.33,26.91,15,77.31,-78.22,user_5,-18.17,-24.36,-36.61,9.253557919919331e-08
18,greedy_exploration,1,-24.68,-15.33,26.91,15,77.31,-78.22,user_6,-23.99,-23.62,-36.41,8.918510019384485e-08
18,greedy_exploration,1,-24.68,-15.33,26.91,15,77.31,-78.22,user_7,-10.54,-23.99,-39.75,1.0120815119307736e-07
18,greedy_exploration,1,-24.68,-15.33,26.91,15,77.31,-78.22,user_8,-21.83,-24.09,-36.46,9.01566465927317e-08
18,greedy_exploration,1,-24.68,-15.33,26.91,15,77.31,-78.22,user_9,-7.5,-30.39,-40.65,1.1398057608857926e-07
18,greedy_exploration,1,-24.68,-15.33,26.91,15,77.31,-78.22,user_10,-13.57,-25.62,-40.5,9.866869277175283e-08
18,greedy_exploration,1,-24.68,-15.33,26.91,15,77.31,-78.22,user_11,-32.93,41.65,-61.69,2.0991893734390032e-07
18,greedy_exploration,1,-24.68,-15.33,26.91,15,77.31,-78.22,user_12,-20.02,37.04,-41.53,1.9478545709716855e-07
18,greedy_exploration,1,-24.68,-15.33,26.91,15,77.31,-78.22,user_13,-23.92,31.59,-43.4,1.7800363139031106e-07
18,greedy_exploration,1,-24.68,-15.33,26.91,15,77.31,-78.22,user_14,-18.6,36.15,-41.37,1.925686348158706e-07
18,greedy_exploration,1,-24.68,-15.33,26.91,15,77.31,-78.22,user_15,-18.94,41.86,-42.04,2.096235220960807e-07
18,greedy_exploration,2,-23.0,-14.39,25.63,15,77.47,-78.26,user_1,35.67,15.12,-55.05,2.3338202481681947e-07
18,greedy_exploration,2,-23.0,-14.39,25.63,15,77.47,-78.26,user_2,45.25,2.41,-55.7,2.478845715359057e-07
18,greedy_exploration,2,-23.0,-14.39,25.63,15,77.47,-78.26,user_3,44.51,11.62,-62.97,2.543931998388871e-07
18,greedy_exploration,2,-23.0,-14.39,25.63,15,77.47,-78.26,user_4,42.4,21.06,-55.71,2.60865874679439e-07
18,greedy_exploration,2,-23.0,-14.39,25.63,15,77.47,-78.26,user_5,-18.17,-24.36,-36.08,8.85665514260836e-08
18,greedy_exploration,2,-23.0,-14.39,25.63,15,77.47,-78.26,user_6,-23.99,-23.62,-36.01,8.623969449672586e-08
18,greedy_exploration,2,-23.0,-14.39,25.63,15,77.47,-78.26,user_7,-10.54,-23.99,-39.67,9.607968820546375e-08
18,greedy_exploration,2,-23.0,-14.39,25.63,15,77.47,-78.26,user_8,-21.83,-24.09,-36.02,8.683664987074735e-08
18,greedy_exploration,2,-23.0,-14.39,25.63,15,77.47,-78.26,user_9,-7.5,-30.39,-40.68,1.0954454410239123e-07
18,greedy_exploration,2,-23.0,-14.39,25.63,15,77.47,-78.26,user_10,-13.57,-25.62,-40.76,9.418651103487719e-08
18,greedy_exploration,2,-23.0,-14.39,25.63,15,77.47,-78.26,user_11,-32.93,41.65,-61.44,2.061993455981792e-07
18,greedy_exploration,2,-23.0,-14.39,25.63,15,77.47,-78.26,user_12,-20.02,37.04,-41.24,1.8975610771576612e-07
18,greedy_exploration,2,-23.0,-14.39,25.63,15,77.47,-78.26,user_13,-23.92,31.59,-40.64,1.73237125977721e-07
18,greedy_exploration,2,-23.0,-14.39,25.63,15,77.47,-78.26,user_14,-18.6,36.15,-41.1,1.873878687774777e-07
18,greedy_exploration,2,-23.0,-14.39,25.63,15,77.47,-78.26,user_15,-18.94,41.86,-41.8,2.0461385474845883e-07
18,greedy_exploration,3,-28.23,-27.94,24.97,15,70.11,-77.9,user_1,35.67,15.12,-56.06,2.686840616661357e-07
18,greedy_exploration,3,-28.23,-27.94,24.97,15,70.11,-77.9,user_2,45.25,2.41,-48.32,2.7650176548377203e-07
18,greedy_exploration,3,-28.23,-27.94,24.97,15,70.11,-77.9,user_3,44.51,11.62,-60.62,2.870772277674405e-07
18,greedy_exploration,3,-28.23,-27.94,24.97,15,70.11,-77.9,user_4,42.4,21.06,-56.86,2.972360846342781e-07
18,greedy_exploration,3,-28.23,-27.94,24.97,15,70.11,-77.9,user_5,-18.17,-24.36,-36.31,8.600915180068114e-08
18,greedy_exploration,3,-28.23,-27.94,24.97,15,70.11,-77.9,user_6,-23.99,-23.62,-35.92,8.084927571871958e-08
18,greedy_exploration,3,-28.23,-27.94,24.97,15,70.11,-77.9,user_7,-10.54,-23.99,-39.61,9.891619612290015e-08
18,greedy_exploration,3,-28.23,-27.94,24.97,15,70.11,-77.9,user_8,-21.83,-24.09,-36.04,8.21559140717909e-08
18,greedy_exploration,3,-28.23,-27.94,24.97,15,70.11,-77.9,user_9,-7.5,-30.39,-40.05,1.0477185696800007e-07
18,greedy_exploration,3,-28.23,-27.94,24.97,15,70.11,-77.9,user_10,-13.57,-25.62,-38.42,9.262870293014203e-08
18,greedy_exploration,3,-28.23,-27.94,24.97,15,70.11,-77.9,user_11,-32.93,41.65,-74.93,2.4547460952817346e-07
18,greedy_exploration,3,-28.23,-27.94,24.97,15,70.11,-77.9,user_12,-20.02,37.04,-41.26,2.3207635990729614e-07
18,greedy_exploration,3,-28.23,-27.94,24.97,15,70.11,-77.9,user_13,-23.92,31.59,-42.26,2.1392975213530008e-07
18,greedy_exploration,3,-28.23,-27.94,24.97,15,70.11,-77.9,user_14,-18.6,36.15,-41.17,2.2991994796939252e-07
18,greedy_exploration,3,-28.23,-27.94,24.97,15,70.11,-77.9,user_15,-18.94,41.86,-41.73,2.475842109106452e-07
18,greedy_exploration,4,-33.69,-31.16,22.91,15,62.25,-78.75,user_1,35.67,15.12,-56.57,2.8715655275846075e-07
18,greedy_exploration,4,-33.69,-31.16,22.91,15,62.25,-78.75,user_2,45.25,2.41,-49.51,2.949139457086858e-07
18,greedy_exploration,4,-33.69,-31.16,22.91,15,62.25,-78.75,user_3,44.51,11.62,-61.06,3.057848516618833e-07
18,greedy_exploration,4,-33.69,-31.16,22.91,15,62.25,-78.75,user_4,42.4,21.06,-57.34,3.160069184104941e-07
18,greedy_exploration,4,-33.69,-31.16,22.91,15,62.25,-78.75,user_5,-18.17,-24.36,-41.67,9.107572651601004e-08
18,greedy_exploration,4,-33.69,-31.16,22.91,15,62.25,-78.75,user_6,-23.99,-23.62,-42.34,8.233897830223214e-08
18,greedy_exploration,4,-33.69,-31.16,22.91,15,62.25,-78.75,user_7,-10.54,-23.99,-44.74,1.0786656901018432e-07
18,greedy_exploration,4,-33.69,-31.16,22.91,15,62.25,-78.75,user_8,-21.83,-24.09,-41.71,8.497917747263273e-08
18,greedy_exploration,4,-33.69,-31.16,22.91,15,62.25,-78.75,user_9,-7.5,-30.39,-44.75,1.1286583401215466e-07
18,greedy_exploration,4,-33.69,-31.16,22.91,15,62.25,-78.75,user_10,-13.57,-25.62,-44.05,9.97291920157295e-08
18,greedy_exploration,4,-33.69,-31.16,22.91,15,62.25,-78.75,user_11,-32.93,41.65,-200.0,
18,greedy_exploration,4,-33.69,-31.16,22.91,15,62.25,-78.75,user_12,-20.02,37.04,-54.9,2.42758034119106e-07
18,greedy_exploration,4,-33.69,-31.16,22.91,15,62.25,-78.75,user_13,-23.92,31.59,-54.35,2.2354774387167708e-07
18,greedy_exploration,4,-33.69,-31.16,22.91,15,62.25,-78.75,user_14,-18.6,36.15,-54.56,2.40923185401698e-07
18,greedy_exploration,4,-33.69,-31.16,22.91,15,62.25,-78.75,user_15,-18.94,41.86,-55.72,2.5854703267214063e-07
18,greedy_exploration,5,-36.49,-37.02,24.63,15,65.93,-77.86,user_1,35.67,15.12,-57.21,3.0681806606480677e-07
18,greedy_exploration,5,-36.49,-37.02,24.63,15,65.93,-77.86,user_2,45.25,2.41,-50.1,3.1239750342137995e-07
18,greedy_exploration,5,-36.49,-37.02,24.63,15,65.93,-77.86,user_3,44.51,11.62,-60.85,3.244645085942466e-07
18,greedy_exploration,5,-36.49,-37.02,24.63,15,65.93,-77.86,user_4,42.4,21.06,-57.96,3.3575699376342527e-07
18,greedy_exploration,5,-36.49,-37.02,24.63,15,65.93,-77.86,user_5,-18.17,-24.36,-43.58,1.0709926101526435e-07
18,greedy_exploration,5,-36.49,-37.02,24.63,15,65.93,-77.86,user_6,-23.99,-23.62,-44.46,9.843288495403613e-08
18,greedy_exploration,5,-36.49,-37.02,24.63,15,65.93,-77.86,user_7,-10.54,-23.99,-46.44,1.238318390051063e-07
18,greedy_exploration,5,-36.49,-37.02,24.63,15,65.93,-77.86,user_8,-21.83,-24.09,-43.86,1.0101526726202792e-07
18,greedy_exploration,5,-36.49,-37.02,24.63,15,65.93,-77.86,user_9,-7.5,-30.39,-45.86,1.2566886198328575e-07
18,greedy_exploration,5,-36.49,-37.02,24.63,15,65.93,-77.86,user_10,-13.57,-25.62,-45.88,1.1508122810255372e-07
18,greedy_exploration,5,-36.49,-37.02,24.63,15,65.93,-77.86,user_11,-32.93,41.65,-200.0,
18,greedy_exploration,5,-36.49,-37.02,24.63,15,65.93,-77.86,user_12,-20.02,37.04,-53.67,2.645720655891637e-07
18,greedy_exploration,5,-36.49,-37.02,24.63,15,65.93,-77.86,user_13,-23.92,31.59,-49.51,2.451261309488473e-07
18,greedy_exploration,5,-36.49,-37.02,24.63,15,65.93,-77.86,user_14,-18.6,36.15,-53.41,2.6283703391527524e-07
18,greedy_exploration,5,-36.49,-37.02,24.63,15,65.93,-77.86,user_15,-18.94,41.86,-56.47,2.8037354127263825e-07
18,greedy_exploration,6,-26.76,-50.26,27.06,15,67.75,-78.25,user_1,35.67,15.12,-57.88,3.133614256967121e-07
18,greedy_exploration,6,-26.76,-50.26,27.06,15,67.75,-78.25,user_2,45.25,2.41,-51.63,3.095662179930514e-07
18,greedy_exploration,6,-26.76,-50.26,27.06,15,67.75,-78.25,user_3,44.51,11.62,-58.73,3.2617487022434943e-07
18,greedy_exploration,6,-26.76,-50.26,27.06,15,67.75,-78.25,user_4,42.4,21.06,-58.62,3.421750136567425e-07
18,greedy_exploration,6,-26.76,-50.26,27.06,15,67.75,-78.25,user_5,-18.17,-24.36,-38.92,1.2471511467992968e-07
18,greedy_exploration,6,-26.76,-50.26,27.06,15,67.75,-78.25,user_6,-23.99,-23.62,-39.4,1.2349423172963725e-07
18,greedy_exploration,6,-26.76,-50.26,27.06,15,67.75,-78.25,user_7,-10.54,-23.99,-44.41,1.3369700013754482e-07
18,greedy_exploration,6,-26.76,-50.26,27.06,15,67.75,-78.25,user_8,-21.83,-24.09,-39.24,1.2312479213960614e-07
18,greedy_exploration,6,-26.76,-50.26,27.06,15,67.75,-78.25,user_9,-7.5,-30.39,-42.96,1.2565575957523833e-07
18,greedy_exploration,6,-26.76,-50.26,27.06,15,67.75,-78.25,user_10,-13.57,-25.62,-44.82,1.2633314838694787e-07
18,greedy_exploration,6,-26.76,-50.26,27.06,15,67.75,-78.25,user_11,-32.93,41.65,-57.63,3.188780510754441e-07
18,greedy_exploration,6,-26.76,-50.26,27.06,15,67.75,-78.25,user_12,-20.02,37.04,-43.08,3.04257838479316e-07
18,greedy_exploration,6,-26.76,-50.26,27.06,15,67.75,-78.25,user_13,-23.92,31.59,-43.98,2.861816881249979e-07
18,greedy_exploration,6,-26.76,-50.26,27.06,15,67.75,-78.25,user_14,-18.6,36.15,-43.5,3.018080008132529e-07
18,greedy_exploration,6,-26.76,-50.26,27.06,15,67.75,-78.25,user_15,-18.94,41.86,-43.46,3.19953159078068e-07
18,greedy_exploration,7,-27.76,-57.1,26.96,15,66.01,-78.56,user_1,35.67,15.12,-58.34,3.3167918900289806e-07
18,greedy_exploration,7,-27.76,-57.1,26.96,15,66.01,-78.56,user_2,45.25,2.41,-58.24,3.6016416515849414e-07
18,greedy_exploration,7,-27.76,-57.1,26.96,15,66.01,-78.56,user_3,44.51,11.62,-58.81,3.4332157383687445e-07
18,greedy_exploration,7,-27.76,-57.1,26.96,15,66.01,-78.56,user_4,42.4,21.06,-58.35,3.604903895393363e-07
18,greedy_exploration,7,-27.76,-57.1,26.96,15,66.01,-78.56,user_5,-18.17,-24.36,-39.95,1.4199360975908348e-07
18,greedy_exploration,7,-27.76,-57.1,26.96,15,66.01,-78.56,user_6,-23.99,-23.62,-41.28,1.4086259625400999e-07
18,greedy_exploration,7,-27.76,-57.1,26.96,15,66.01,-78.56,user_7,-10.54,-23.99,-46.69,1.5069610981299775e-07
18,greedy_exploration,7,-27.76,-57.1,26.96,15,66.01,-78.56,user_8,-21.83,-24.09,-40.2,1.4045529894701758e-07
18,greedy_exploration,7,-27.76,-57.1,26.96,15,66.01,-78.56,user_9,-7.5,-30.39,-43.0,1.4041833651390334e-07
18,greedy_exploration,7,-27.76,-57.1,26.96,15,66.01,-78.56,user_10,-13.57,-25.62,-46.98,1.4310475648926513e-07
18,greedy_exploration,7,-27.76,-57.1,26.96,15,66.01,-78.56,user_11,-32.93,41.65,-67.81,3.4060309417327517e-07
18,greedy_exploration,7,-27.76,-57.1,26.96,15,66.01,-78.56,user_12,-20.02,37.04,-43.59,3.2632146940159146e-07
18,greedy_exploration,7,-27.76,-57.1,26.96,15,66.01,-78.56,user_13,-23.92,31.59,-44.27,3.080527903875918e-07
18,greedy_exploration,7,-27.76,-57.1,26.96,15,66.01,-78.56,user_14,-18.6,36.15,-45.7,3.2387816872869735e-07
18,greedy_exploration,7,-27.76,-57.1,26.96,15,66.01,-78.56,user_15,-18.94,41.86,-43.95,3.421119743052259e-07
19,toward_cluster,0,-24.86,-36.87,26.5,13,71.04,-77.29,user_1,43.6,26.4,-57.9,3.2193455012929917e-07
19,toward_cluster,0,-24.86,-36.87,26.5,13,71.04,-77.29,user_2,33.68,41.93,-200.0,
19,toward_cluster,0,-24.86,-36.87,26.5,13,71.04,-77.29,user_3,31.6,44.32,-200.0,
19,toward_cluster,0,-24.86,-36.87,26.5,13,71.04,-77.29,user_4,14.28,34.5,-55.54,2.840316710717161e-07
19,toward_cluster,0,-24.86,-36.87,26.5,13,71.04,-77.29,user_5,29.15,34.34,-200.0,
19,toward_cluster,0,-24.86,-36.87,26.5,13,71.04,-77.29,user_6,32.57,36.37,-200.0,
19,toward_cluster,0,-24.86,-36.87,26.5,13,71.04,-77.29,user_7,44.64,37.84,-59.05,3.504302412693505e-07
19,toward_cluster,0,-24.86,-36.87,26.5,13,71.04,-77.29,user_8,31.57,47.99,-200.0,
19,toward_cluster,0,-24.86,-36.87,26.5,13,71.04,-77.29,user_9,35.58,41.65,-200.0,
19,toward_cluster,0,-24.86,-36.87,26.5,13,71.04,-77.29,user_10,7.07,-2.9,-46.04,1.764577888252461e-07
19,toward_cluster,0,-24.86,-36.87,26.5,13,71.04,-77.29,user_11,-0.22,-4.54,-46.59,1.591823775015655e-07
19,toward_cluster,0,-24.86,-36.87,26.5,13,71.04,-77.29,user_12,-0.14,-4.0,-46.65,1.605450421493515e-07
19,toward_cluster,0,-24.86,-36.87,26.5,13,71.04,-77.29,user_13,15.98,2.67,-47.46,2.0714080051220662e-07
19,toward_cluster,1,-15.58,-25.09,26.5,13,72.55,-78.31,user_1,43.6,26.4,-56.48,2.7462863272376126e-07
19,toward_cluster,1,-15.58,-25.09,26.5,13,72.55,-78.31,user_2,33.68,41.93,-63.98,3.5814676380141464e-07
19,toward_cluster,1,-15.58,-25.09,26.5,13,72.55,-78.31,user_3,31.6,44.32,-63.86,3.581046712497482e-07
19,toward_cluster,1,-15.58,-25.09,26.5,13,72.55,-78.31,user_4,14.28,34.5,-51.55,2.374542305005889e-07
19,toward_cluster,1,-15.58,-25.09,26.5,13,72.55,-78.31,user_5,29.15,34.34,-63.49,3.312807450583932e-07
19,toward_cluster,1,-15.58,-25.09,26.5,13,72.55,-78.31,user_6,32.57,36.37,-200.0,
19,toward_cluster,1,-15.58,-25.09,26.5,13,72.55,-78.31,user_7,44.64,37.84,-57.72,3.0226931357901776e-07
19,toward_cluster,1,-15.58,-25.09,26.5,13,72.55,-78.31,user_8,31.57,47.99,-63.96,3.660674678940268e-07
19,toward_cluster,1,-15.58,-25.09,26.5,13,72.55,-78.31,user_9,35.58,41.65,-64.14,3.623231350502465e-07
19,toward_cluster,1,-15.58,-25.09,26.5,13,72.55,-78.31,user_10,7.07,-2.9,-43.28,1.3468797988025472e-07
19,toward_cluster,1,-15.58,-25.09,26.5,13,72.55,-78.31,user_11,-0.22,-4.54,-43.7,1.1949008182909893e-07
19,toward_cluster,1,-15.58,-25.09,26.5,13,72.55,-78.31,user_12,-0.14,-4.0,-43.29,1.2064610643847118e-07
19,toward_cluster,1,-15.58,-25.09,26.5,13,72.55,-78.31,user_13,15.98,2.67,-44.36,1.6312787920469418e-07
19,toward_cluster,2,-6.3,-13.31,26.5,13,81.77,-78.73,user_1,43.6,26.4,-52.82,2.2848274738862528e-07
19,toward_cluster,2,-6.3,-13.31,26.5,13,81.77,-78.73,user_2,33.68,41.93,-56.04,2.42261648963904e-07
19,toward_cluster,2,-6.3,-13.31,26.5,13,81.77,-78.73,user_3,31.6,44.32,-55.85,2.447239069169882e-07
19,toward_cluster,2,-6.3,-13.31,26.5,13,81.77,-78.73,user_4,14.28,34.5,-45.68,1.92612176874718e-07
19,toward_cluster,2,-6.3,-13.31,26.5,13,81.77,-78.73,user_5,29.15,34.34,-55.52,2.149412239305093e-07
19,toward_cluster,2,-6.3,-13.31,26.5,13,81.77,-78.73,user_6,32.57,36.37,-68.35,3.5557465594138193e-07
19,toward_cluster,2,-6.3,-13.31,26.5,13,81.77,-78.73,user_7,44.64,37.84,-52.4,2.548264887991536e-07
19,toward_cluster,2,-6.3,-13.31,26.5,13,81.77,-78.73,user_8,31.57,47.99,-55.86,2.5440309059376887e-07
19,toward_cluster,2,-6.3,-13.31,26.5,13,81.77,-78.73,user_9,35.58,41.65,-59.05,3.20099957207276e-07
19,toward_cluster,2,-6.3,-13.31,26.5,13,81.77,-78.73,user_10,7.07,-2.9,-40.84,1.0074105460944338e-07
19,toward_cluster,2,-6.3,-13.31,26.5,13,81.77,-78.73,user_11,-0.22,-4.54,-39.48,9.067050399380605e-08
19,toward_cluster,2,-6.3,-13.31,26.5,13,81.77,-78.73,user_12,-0.14,-4.0,-39.33,9.13272444336144e-08
19,toward_cluster,2,-6.3,-13.31,26.5,13,81.77,-78.73,user_13,15.98,2.67,-42.04,1.2376794700230676e-07
19,toward_cluster,3,2.98,-1.52,26.5,13,82.38,-78.06,user_1,43.6,26.4,-47.34,1.8435295601193502e-07
19,toward_cluster,3,2.98,-1.52,26.5,13,82.38,-78.06,user_2,33.68,41.93,-50.64,1.9607760748385772e-07
19,toward_cluster,3,2.98,-1.52,26.5,13,82.38,-78.06,user_3,31.6,44.32,-51.07,1.9861523981035134e-07
19,toward_cluster,3,2.98,-1.52,26.5,13,82.38,-78.06,user_4,14.28,34.5,-39.53,1.5103236705726886e-07
19,toward_cluster,3,2.98,-1.52,26.5,13,82.38,-78.06,user_5,29.15,34.34,-49.46,1.6994781049106678e-07
19,toward_cluster,3,2.98,-1.52,26.5,13,82.38,-78.06,user_6,32.57,36.37,-53.79,1.8074804586376558e-07
19,toward_cluster,3,2.98,-1.52,26.5,13,82.38,-78.06,user_7,44.64,37.84,-53.32,2.0857133620211243e-07
19,toward_cluster,3,2.98,-1.52,26.5,13,82.38,-78.06,user_8,31.57,47.99,-51.53,2.0814047729800222e-07
19,toward_cluster,3,2.98,-1.52,26.5,13,82.38,-78.06,user_9,35.58,41.65,-53.46,2.3533527837571455e-07
19,toward_cluster,3,2.98,-1.52,26.5,13,82.38,-78.06,user_10,7.07,-2.9,-35.87,8.462492218086481e-08
19,toward_cluster,3,2.98,-1.52,26.5,13,82.38,-78.06,user_11,-0.22,-4.54,-35.82,8.467275591783618e-08
19,toward_cluster,3,2.98,-1.52,26.5,13,82.38,-78.06,user_12,-0.14,-4.0,-35.81,8.444408905461387e-08
19,toward_cluster,3,2.98,-1.52,26.5,13,82.38,-78.06,user_13,15.98,2.67,-36.41,9.502515041504012e-08
19,toward_cluster,4,11.61,9.44,26.5,13,77.35,-77.99,user_1,43.6,26.4,-57.66,1.4676825799142534e-07
19,toward_cluster,4,11.61,9.44,26.5,13,77.35,-77.99,user_2,33.68,41.93,-54.59,1.553021178324343e-07
19,toward_cluster,4,11.61,9.44,26.5,13,77.35,-77.99,user_3,31.6,44.32,-55.19,1.57914143983362e-07
19,toward_cluster,4,11.61,9.44,26.5,13,77.35,-77.99,user_4,14.28,34.5,-37.77,1.1840973002108512e-07
19,toward_cluster,4,11.61,9.44,26.5,13,77.35,-77.99,user_5,29.15,34.34,-52.08,1.3143701949047681e-07
19,toward_cluster,4,11.61,9.44,26.5,13,77.35,-77.99,user_6,32.57,36.37,-58.36,1.411077192869925e-07
19,toward_cluster,4,11.61,9.44,26.5,13,77.35,-77.99,user_7,44.64,37.84,-60.14,1.675322209848673e-07
19,toward_cluster,4,11.61,9.44,26.5,13,77.35,-77.99,user_8,31.57,47.99,-56.35,1.6709876149434422e-07
19,toward_cluster,4,11.61,9.44,26.5,13,77.35,-77.99,user_9,35.58,41.65,-65.55,2.918939685514488e-07
19,toward_cluster,4,11.61,9.44,26.5,13,77.35,-77.99,user_10,7.07,-2.9,-37.07,9.422150526461337e-08
19,toward_cluster,4,11.61,9.44,26.5,13,77.35,-77.99,user_11,-0.22,-4.54,-36.98,1.0337200961885173e-07
19,toward_cluster,4,11.61,9.44,26.5,13,77.35,-77.99,user_12,-0.14,-4.0,-36.92,1.0246967008242791e-07
19,toward_cluster,4,11.61,9.44,26.5,13,77.35,-77.99,user_13,15.98,2.67,-36.69,8.76156605045253e-08
19,toward_cluster,5,16.79,16.02,26.5,13,68.68,-78.64,user_1,43.6,26.4,-41.5,1.2708399310668028e-07
19,toward_cluster,5,16.79,16.02,26.5,13,68.68,-78.64,user_2,33.68,41.93,-38.44,1.3265622555991285e-07
19,toward_cluster,5,16.79,16.02,26.5,13,68.68,-78.64,user_3,31.6,44.32,-38.45,1.3529822240343492e-07
19,toward_cluster,5,16.79,16.02,26.5,13,68.68,-78.64,user_4,14.28,34.5,-46.24,1.0403834238559284e-07
19,toward_cluster,5,16.79,16.02,26.5,13,68.68,-78.64,user_5,29.15,34.34,-36.2,1.1130208577014855e-07
19,toward_cluster,5,16.79,16.02,26.5,13,68.68,-78.64,user_6,32.57,36.37,-44.01,1.197179528844572e-07
19,toward_cluster,5,16.79,16.02,26.5,13,68.68,-78.64,user_7,44.64,37.84,-42.35,1.4450428409418237e-07
19,toward_cluster,5,16.79,16.02,26.5,13,68.68,-78.64,user_8,31.57,47.99,-39.11,1.440722456891308e-07
19,toward_cluster,5,16.79,16.02,26.5,13,68.68,-78.64,user_9,35.58,41.65,-47.84,1.348754778973671e-07
19,toward_cluster,5,16.79,16.02,26.5,13,68.68,-78.64,user_10,7.07,-2.9,-53.57,1.0949059259246496e-07
19,toward_cluster,5,16.79,16.02,26.5,13,68.68,-78.64,user_11,-0.22,-4.54,-52.33,1.2197020282656013e-07
19,toward_cluster,5,16.79,16.02,26.5,13,68.68,-78.64,user_12,-0.14,-4.0,-52.25,1.2084163358849764e-07
19,toward_cluster,5,16.79,16.02,26.5,13,68.68,-78.64,user_13,15.98,2.67,-37.58,9.4574602371722e-08
19,toward_cluster,6,19.9,19.97,26.5,13,71.08,-78.36,user_1,43.6,26.4,-40.88,1.1689195389408269e-07
19,toward_cluster,6,19.9,19.97,26.5,13,71.08,-78.36,user_2,33.68,41.93,-38.04,1.2013542516342568e-07
19,toward_cluster,6,19.9,19.97,26.5,13,71.08,-78.36,user_3,31.6,44.32,-38.07,1.2277752148293075e-07
19,toward_cluster,6,19.9,19.97,26.5,13,71.08,-78.36,user_4,14.28,34.5,-45.14,9.825743774172224e-08
19,toward_cluster,6,19.9,19.97,26.5,13,71.08,-78.36,user_5,29.15,34.34,-36.1,1.0101317826638478e-07
19,toward_cluster,6,19.9,19.97,26.5,13,71.08,-78.36,user_6,32.57,36.37,-43.23,1.0831791996679385e-07
19,toward_cluster,6,19.9,19.97,26.5,13,71.08,-78.36,user_7,44.64,37.84,-41.39,1.3159534262285888e-07
19,toward_cluster,6,19.9,19.97,26.5,13,71.08,-78.36,user_8,31.57,47.99,-38.69,1.311678659021709e-07
19,toward_cluster,6,19.9,19.97,26.5,13,71.08,-78.36,user_9,35.58,41.65,-42.52,1.221448115984458e-07
19,toward_cluster,6,19.9,19.97,26.5,13,71.08,-78.36,user_10,7.07,-2.9,-47.38,1.208517801387643e-07
19,toward_cluster,6,19.9,19.97,26.5,13,71.08,-78.36,user_11,-0.22,-4.54,-47.01,1.3469359316786722e-07
19,toward_cluster,6,19.9,19.97,26.5,13,71.08,-78.36,user_12,-0.14,-4.0,-47.01,1.3347408867048216e-07
19,toward_cluster,6,19.9,19.97,26.5,13,71.08,-78.36,user_13,15.98,2.67,-37.7,1.022501194825054e-07
19,toward_cluster,7,21.77,22.34,26.5,13,69.96,-78.37,user_1,43.6,26.4,-40.15,1.1153378665085256e-07
19,toward_cluster,7,21.77,22.34,26.5,13,69.96,-78.37,user_2,33.68,41.93,-37.8,1.131473865711996e-07
19,toward_cluster,7,21.77,22.34,26.5,13,69.96,-78.37,user_3,31.6,44.32,-37.85,1.1577841263488153e-07
19,toward_cluster,7,21.77,22.34,26.5,13,69.96,-78.37,user_4,14.28,34.5,-43.33,9.603898831755942e-08
19,toward_cluster,7,21.77,22.34,26.5,13,69.96,-78.37,user_5,29.15,34.34,-36.0,9.571977699351919e-08
19,toward_cluster,7,21.77,22.34,26.5,13,69.96,-78.37,user_6,32.57,36.37,-42.97,1.0218614221457756e-07
19,toward_cluster,7,21.77,22.34,26.5,13,69.96,-78.37,user_7,44.64,37.84,-40.8,1.2428505158368353e-07
19,toward_cluster,7,21.77,22.34,26.5,13,69.96,-78.37,user_8,31.57,47.99,-38.4,1.2386696823796228e-07
19,toward_cluster,7,21.77,22.34,26.5,13,69.96,-78.37,user_9,35.58,41.65,-42.77,1.1499944463366774e-07
19,toward_cluster,7,21.77,22.34,26.5,13,69.96,-78.37,user_10,7.07,-2.9,-45.98,1.2824433781588596e-07
19,toward_cluster,7,21.77,22.34,26.5,13,69.96,-78.37,user_11,-0.22,-4.54,-46.92,1.4273638271333766e-07
19,toward_cluster,7,21.77,22.34,26.5,13,69.96,-78.37,user_12,-0.14,-4.0,-46.92,1.414737909044561e-07
19,toward_cluster,7,21.77,22.34,26.5,13,69.96,-78.37,user_13,15.98,2.67,-38.06,1.0785179682670787e-07
20,greedy_exploration,0,34.07,27.7,24.81,8,66.74,-79.31,user_1,-18.31,-5.7,-53.18,2.2132626043003256e-07
20,greedy_exploration,0,34.07,27.7,24.81,8,66.74,-79.31,user_2,-16.56,-11.58,-69.18,3.506232815198018e-07
20,greedy_exploration,0,34.07,27.7,24.81,8,66.74,-79.31,user_3,-21.17,-4.38,-53.55,2.2682210953917092e-07
20,greedy_exploration,0,34.07,27.7,24.81,8,66.74,-79.31,user_4,-31.02,-13.71,-60.05,2.6882145220952225e-07
20,greedy_exploration,0,34.07,27.7,24.81,8,66.74,-79.31,user_5,-20.05,13.39,-47.09,2.0227042796250316e-07
20,greedy_exploration,0,34.07,27.7,24.81,8,66.74,-79.31,user_6,-26.06,15.47,-46.75,2.189498360394282e-07
20,greedy_exploration,0,34.07,27.7,24.81,8,66.74,-79.31,user_7,-26.22,18.42,-46.74,2.1782420844829176e-07
20,greedy_exploration,0,34.07,27.7,24.81,8,66.74,-79.31,user_8,-29.81,26.0,-47.0,2.268947127959109e-07
20,greedy_exploration,1,22.64,39.74,22.02,8,66.78,-77.26,user_1,-18.31,-5.7,-55.23,2.1521388759992988e-07
20,greedy_exploration,1,22.64,39.74,22.02,8,66.78,-77.26,user_2,-16.56,-11.58,-200.0,
20,greedy_exploration,1,22.64,39.74,22.02,8,66.78,-77.26,user_3,-21.17,-4.38,-55.33,2.1840070019152336e-07
20,greedy_exploration,1,22.64,39.74,22.02,8,66.78,-77.26,user_4,-31.02,-13.71,-63.81,2.617440486574196e-07
20,greedy_exploration,1,22.64,39.74,22.02,8,66.78,-77.26,user_5,-20.05,13.39,-49.45,1.8079755648159335e-07
20,greedy_exploration,1,22.64,39.74,22.02,8,66.78,-77.26,user_6,-26.06,15.47,-49.28,1.9397815265165264e-07
20,greedy_exploration,1,22.64,39.74,22.02,8,66.78,-77.26,user_7,-26.22,18.42,-48.86,1.9053815947245312e-07
20,greedy_exploration,1,22.64,39.74,22.02,8,66.78,-77.26,user_8,-29.81,26.0,-54.96,1.93376862966943e-07
20,greedy_exploration,2,15.85,27.15,19.43,8,73.71,-79.05,user_1,-18.31,-5.7,-44.47,1.6901903165944532e-07
20,greedy_exploration,2,15.85,27.15,19.43,8,73.71,-79.05,user_2,-16.56,-11.58,-52.36,1.7875754565466195e-07
20,greedy_exploration,2,15.85,27.15,19.43,8,73.71,-79.05,user_3,-21.17,-4.38,-45.21,1.7287845821556402e-07
20,greedy_exploration,2,15.85,27.15,19.43,8,73.71,-79.05,user_4,-31.02,-13.71,-53.25,2.158605951763093e-07
20,greedy_exploration,2,15.85,27.15,19.43,8,73.71,-79.05,user_5,-20.05,13.39,-39.46,1.415048132002994e-07
20,greedy_exploration,2,15.85,27.15,19.43,8,73.71,-79.05,user_6,-26.06,15.47,-40.94,1.5696504362949781e-07
20,greedy_exploration,2,15.85,27.15,19.43,8,73.71,-79.05,user_7,-26.22,18.42,-39.68,1.5529845143191778e-07
20,greedy_exploration,2,15.85,27.15,19.43,8,73.71,-79.05,user_8,-29.81,26.0,-39.6,1.6367233968139772e-07
20,greedy_exploration,3,7.8,40.34,18.16,8,52.46,-77.45,user_1,-18.31,-5.7,-50.07,1.8508958987695223e-07
20,greedy_exploration,3,7.8,40.34,18.16,8,52.46,-77.45,user_2,-16.56,-11.58,-51.02,1.9920931038086565e-07
20,greedy_exploration,3,7.8,40.34,18.16,8,52.46,-77.45,user_3,-21.17,-4.38,-50.73,1.8622004915869184e-07
20,greedy_exploration,3,7.8,40.34,18.16,8,52.46,-77.45,user_4,-31.02,-13.71,-61.43,2.2882473160734662e-07
20,greedy_exploration,3,7.8,40.34,18.16,8,52.46,-77.45,user_5,-20.05,13.39,-51.24,1.4071031273488188e-07
20,greedy_exploration,3,7.8,40.34,18.16,8,52.46,-77.45,user_6,-26.06,15.47,-51.93,1.5075370640715846e-07
20,greedy_exploration,3,7.8,40.34,18.16,8,52.46,-77.45,user_7,-26.22,18.42,-52.16,1.4598536779431015e-07
20,greedy_exploration,3,7.8,40.34,18.16,8,52.46,-77.45,user_8,-29.81,26.0,-54.61,1.4530931480294385e-07
20,greedy_exploration,4,20.33,33.25,19.79,8,65.2,-77.84,user_1,-18.31,-5.7,-54.55,1.9291070429972024e-07
20,greedy_exploration,4,20.33,33.25,19.79,8,65.2,-77.84,user_2,-16.56,-11.58,-200.0,
20,greedy_exploration,4,20.33,33.25,19.79,8,65.2,-77.84,user_3,-21.17,-4.38,-54.71,1.965706104556375e-07
20,greedy_exploration,4,20.33,33.25,19.79,8,65.2,-77.84,user_4,-31.02,-13.71,-62.93,2.3999442078093125e-07
20,greedy_exploration,4,20.33,33.25,19.79,8,65.2,-77.84,user_5,-20.05,13.39,-45.95,1.6202727692871122e-07
20,greedy_exploration,4,20.33,33.25,19.79,8,65.2,-77.84,user_6,-26.06,15.47,-46.71,1.7659012030435406e-07
20,greedy_exploration,4,20.33,33.25,19.79,8,65.2,-77.84,user_7,-26.22,18.42,-45.64,1.740090738167055e-07
20,greedy_exploration,4,20.33,33.25,19.79,8,65.2,-77.84,user_8,-29.81,26.0,-45.45,1.7966401344438054e-07
20,greedy_exploration,5,6.28,29.25,17.11,8,73.48,-77.76,user_1,-18.31,-5.7,-43.75,1.5175672274381213e-07
20,greedy_exploration,5,6.28,29.25,17.11,8,73.48,-77.76,user_2,-16.56,-11.58,-48.69,1.6451259909899818e-07
20,greedy_exploration,5,6.28,29.25,17.11,8,73.48,-77.76,user_3,-21.17,-4.38,-44.36,1.5387941232347657e-07
20,greedy_exploration,5,6.28,29.25,17.11,8,73.48,-77.76,user_4,-31.02,-13.71,-52.93,1.9678932972055918e-07
20,greedy_exploration,5,6.28,29.25,17.11,8,73.48,-77.76,user_5,-20.05,13.39,-40.09,1.149940374034486e-07
20,greedy_exploration,5,6.28,29.25,17.11,8,73.48,-77.76,user_6,-26.06,15.47,-40.11,1.2830022910748085e-07
20,greedy_exploration,5,6.28,29.25,17.11,8,73.48,-77.76,user_7,-26.22,18.42,-39.75,1.255730808225053e-07
20,greedy_exploration,5,6.28,29.25,17.11,8,73.48,-77.76,user_8,-29.81,26.0,-38.8,1.3160880030227418e-07
20,greedy_exploration,6,5.33,42.93,15.0,8,52.38,-77.01,user_1,-18.31,-5.7,-49.72,1.858995659631546e-07
20,greedy_exploration,6,5.33,42.93,15.0,8,52.38,-77.01,user_2,-16.56,-11.58,-50.71,2.01047086534345e-07
20,greedy_exploration,6,5.33,42.93,15.0,8,52.38,-77.01,user_3,-21.17,-4.38,-50.35,1.864004417484466e-07
20,greedy_exploration,6,5.33,42.93,15.0,8,52.38,-77.01,user_4,-31.02,-13.71,-64.67,2.2896358586876886e-07
20,greedy_exploration,6,5.33,42.93,15.0,8,52.38,-77.01,user_5,-20.05,13.39,-51.07,1.3749176730470936e-07
20,greedy_exploration,6,5.33,42.93,15.0,8,52.38,-77.01,user_6,-26.06,15.47,-50.87,1.4622261801378045e-07
20,greedy_exploration,6,5.33,42.93,15.0,8,52.38,-77.01,user_7,-26.22,18.42,-51.27,1.4066729647765897e-07
20,greedy_exploration,6,5.33,42.93,15.0,8,52.38,-77.01,user_8,-29.81,26.0,-49.07,1.3768135431746487e-07
20,greedy_exploration,7,7.06,56.48,15.0,8,61.52,-77.8,user_1,-18.31,-5.7,-50.93,2.2849114600376197e-07
20,greedy_exploration,7,7.06,56.48,15.0,8,61.52,-77.8,user_2,-16.56,-11.58,-51.93,2.444894562358968e-07
20,greedy_exploration,7,7.06,56.48,15.0,8,61.52,-77.8,user_3,-21.17,-4.38,-51.71,2.282690587662728e-07
20,greedy_exploration,7,7.06,56.48,15.0,8,61.52,-77.8,user_4,-31.02,-13.71,-67.29,2.701451649045339e-07
20,greedy_exploration,7,7.06,56.48,15.0,8,61.52,-77.8,user_5,-20.05,13.39,-48.62,1.7568254406796768e-07
20,greedy_exploration,7,7.06,56.48,15.0,8,61.52,-77.8,user_6,-26.06,15.47,-48.85,1.815092645074401e-07
20,greedy_exploration,7,7.06,56.48,15.0,8,61.52,-77.8,user_7,-26.22,18.42,-48.85,1.7455225531648466e-07
20,greedy_exploration,7,7.06,56.48,15.0,8,61.52,-77.8,user_8,-29.81,26.0,-40.92,1.658010546634614e-07
21,toward_cluster,0,49.3,40.08,34.86,11,72.05,-79.56,user_1,11.72,-7.93,-53.86,2.3182357722362212e-07
21,toward_cluster,0,49.3,40.08,34.86,11,72.05,-79.56,user_2,11.33,-0.6,-51.0,2.1641787384396594e-07
21,toward_cluster,0,49.3,40.08,34.86,11,72.05,-79.56,user_3,14.25,-6.26,-53.23,2.2348264394622674e-07
21,toward_cluster,0,49.3,40.08,34.86,11,72.05,-79.56,user_4,10.93,2.31,-51.12,2.1127327443082322e-07
21,toward_cluster,0,49.3,40.08,34.86,11,72.05,-79.56,user_5,16.52,2.08,-51.02,2.010098825167006e-07
21,toward_cluster,0,49.3,40.08,34.86,11,72.05,-79.56,user_6,-25.28,35.83,-55.06,2.7289391368867655e-07
21,toward_cluster,0,49.3,40.08,34.86,11,72.05,-79.56,user_7,-12.24,37.22,-56.96,2.336910966960204e-07
21,toward_cluster,0,49.3,40.08,34.86,11,72.05,-79.56,user_8,-12.44,35.05,-47.25,2.346835827893301e-07
21,toward_cluster,0,49.3,40.08,34.86,11,72.05,-79.56,user_9,-20.71,23.74,-51.06,2.643647292188689e-07
21,toward_cluster,0,49.3,40.08,34.86,11,72.05,-79.56,user_10,-10.01,41.41,-45.51,2.2702788271544705e-07
21,toward_cluster,0,49.3,40.08,34.86,11,72.05,-79.56,user_11,-12.51,36.95,-56.91,2.3452098218967876e-07
21,toward_cluster,1,35.48,34.24,34.86,11,69.92,-79.01,user_1,11.72,-7.93,-43.99,1.9608735613019235e-07
21,toward_cluster,1,35.48,34.24,34.86,11,69.92,-79.01,user_2,11.33,-0.6,-42.93,1.7993727396969916e-07
21,toward_cluster,1,35.48,34.24,34.86,11,69.92,-79.01,user_3,14.25,-6.26,-43.63,1.8880589891523414e-07
21,toward_cluster,1,35.48,34.24,34.86,11,69.92,-79.01,user_4,10.93,2.31,-42.77,1.7444850186620897e-07
21,toward_cluster,1,35.48,34.24,34.86,11,69.92,-79.01,user_5,16.52,2.08,-42.42,1.6700326455065806e-07
21,toward_cluster,1,35.48,34.24,34.86,11,69.92,-79.01,user_6,-25.28,35.83,-47.65,2.3127311976622877e-07
21,toward_cluster,1,35.48,34.24,34.86,11,69.92,-79.01,user_7,-12.24,37.22,-41.77,1.9447011823103821e-07
21,toward_cluster,1,35.48,34.24,34.86,11,69.92,-79.01,user_8,-12.44,35.05,-42.09,1.9478179069665202e-07
21,toward_cluster,1,35.48,34.24,34.86,11,69.92,-79.01,user_9,-20.71,23.74,-49.38,2.207694365097268e-07
21,toward_cluster,1,35.48,34.24,34.86,11,69.92,-79.01,user_10,-10.01,41.41,-57.02,1.8968151493936602e-07
21,toward_cluster,1,35.48,34.24,34.86,11,69.92,-79.01,user_11,-12.51,36.95,-42.08,1.9516416216447396e-07
21,toward_cluster,2,21.66,28.4,34.86,11,70.11,-79.47,user_1,11.72,-7.93,-42.67,1.678315300068789e-07
21,toward_cluster,2,21.66,28.4,34.86,11,70.11,-79.47,user_2,11.33,-0.6,-50.7,1.5141746700919612e-07
21,toward_cluster,2,21.66,28.4,34.86,11,70.11,-79.47,user_3,14.25,-6.26,-42.29,1.623574377163095e-07
21,toward_cluster,2,21.66,28.4,34.86,11,70.11,-79.47,user_4,10.93,2.31,-50.81,1.457301124219157e-07
21,toward_cluster,2,21.66,28.4,34.86,11,70.11,-79.47,user_5,16.52,2.08,-40.17,1.4277367199611035e-07
21,toward_cluster,2,21.66,28.4,34.86,11,70.11,-79.47,user_6,-25.28,35.83,-47.47,1.936815152703275e-07
21,toward_cluster,2,21.66,28.4,34.86,11,70.11,-79.47,user_7,-12.24,37.22,-39.97,1.6135305713760317e-07
21,toward_cluster,2,21.66,28.4,34.86,11,70.11,-79.47,user_8,-12.44,35.05,-40.01,1.6066303487605182e-07
21,toward_cluster,2,21.66,28.4,34.86,11,70.11,-79.47,user_9,-20.71,23.74,-45.43,1.805509981522846e-07
21,toward_cluster,2,21.66,28.4,34.86,11,70.11,-79.47,user_10,-10.01,41.41,-56.14,1.5945404641115601e-07
21,toward_cluster,2,21.66,28.4,34.86,11,70.11,-79.47,user_11,-12.51,36.95,-40.07,1.6182434592337813e-07
21,toward_cluster,3,11.96,24.31,34.86,11,80.6,-79.71,user_1,11.72,-7.93,-42.15,1.5475234249606729e-07
21,toward_cluster,3,11.96,24.31,34.86,11,80.6,-79.71,user_2,11.33,-0.6,-38.71,1.3889227545860194e-07
21,toward_cluster,3,11.96,24.31,34.86,11,80.6,-79.71,user_3,14.25,-6.26,-41.79,1.5112546236650815e-07
21,toward_cluster,3,11.96,24.31,34.86,11,80.6,-79.71,user_4,10.93,2.31,-38.36,1.3334015136479138e-07
21,toward_cluster,3,11.96,24.31,34.86,11,80.6,-79.71,user_5,16.52,2.08,-41.03,1.3458209480177175e-07
21,toward_cluster,3,11.96,24.31,34.86,11,80.6,-79.71,user_6,-25.28,35.83,-41.9,1.711420480887682e-07
21,toward_cluster,3,11.96,24.31,34.86,11,80.6,-79.71,user_7,-12.24,37.22,-35.12,1.440594417090324e-07
21,toward_cluster,3,11.96,24.31,34.86,11,80.6,-79.71,user_8,-12.44,35.05,-35.16,1.4244386647987994e-07
21,toward_cluster,3,11.96,24.31,34.86,11,80.6,-79.71,user_9,-20.71,23.74,-39.77,1.5576205214529182e-07
21,toward_cluster,3,11.96,24.31,34.86,11,80.6,-79.71,user_10,-10.01,41.41,-43.3,1.4493659250547353e-07
21,toward_cluster,3,11.96,24.31,34.86,11,80.6,-79.71,user_11,-12.51,36.95,-35.19,1.4430030148560036e-07
21,toward_cluster,4,6.14,21.85,34.86,11,80.49,-79.27,user_1,11.72,-7.93,-42.04,1.503213979958673e-07
21,toward_cluster,4,6.14,21.85,34.86,11,80.49,-79.27,user_2,11.33,-0.6,-40.65,1.352407252852572e-07
21,toward_cluster,4,6.14,21.85,34.86,11,80.49,-79.27,user_3,14.25,-6.26,-42.21,1.4800752978771925e-07
21,toward_cluster,4,6.14,21.85,34.86,11,80.49,-79.27,user_4,10.93,2.31,-40.06,1.29946457150254e-07
21,toward_cluster,4,6.14,21.85,34.86,11,80.49,-79.27,user_5,16.52,2.08,-41.65,1.3390373965194158e-07
21,toward_cluster,4,6.14,21.85,34.86,11,80.49,-79.27,user_6,-25.28,35.83,-41.74,1.5981677847776155e-07
21,toward_cluster,4,6.14,21.85,34.86,11,80.49,-79.27,user_7,-12.24,37.22,-35.14,1.3700312706532713e-07
21,toward_cluster,4,6.14,21.85,34.86,11,80.49,-79.27,user_8,-12.44,35.05,-35.19,1.3476757487751456e-07
21,toward_cluster,4,6.14,21.85,34.86,11,80.49,-79.27,user_9,-20.71,23.74,-39.57,1.4298130679435417e-07
21,toward_cluster,4,6.14,21.85,34.86,11,80.49,-79.27,user_10,-10.01,41.41,-42.01,1.397910409650649e-07
21,toward_cluster,4,6.14,21.85,34.86,11,80.49,-79.27,user_11,-12.51,36.95,-35.16,1.3707503399018606e-07
21,toward_cluster,5,2.65,20.38,34.86,11,80.95,-79.18,user_1,11.72,-7.93,-42.53,1.4904793488312862e-07
21,toward_cluster,5,2.65,20.38,34.86,11,80.95,-79.18,user_2,11.33,-0.6,-41.02,1.3460426373512746e-07
21,toward_cluster,5,2.65,20.38,34.86,11,80.95,-79.18,user_3,14.25,-6.26,-42.51,1.47567291719497e-07
21,toward_cluster,5,2.65,20.38,34.86,11,80.95,-79.18,user_4,10.93,2.31,-40.74,1.295316991445361e-07
21,toward_cluster,5,2.65,20.38,34.86,11,80.95,-79.18,user_5,16.52,2.08,-42.58,1.3508959284536104e-07
21,toward_cluster,5,2.65,20.38,34.86,11,80.95,-79.18,user_6,-25.28,35.83,-41.75,1.540068410577078e-07
21,toward_cluster,5,2.65,20.38,34.86,11,80.95,-79.18,user_7,-12.24,37.22,-35.3,1.3418181765700865e-07
21,toward_cluster,5,2.65,20.38,34.86,11,80.95,-79.18,user_8,-12.44,35.05,-35.31,1.3157006151232054e-07
21,toward_cluster,5,2.65,20.38,34.86,11,80.95,-79.18,user_9,-20.71,23.74,-39.37,1.3630771888983872e-07
21,toward_cluster,5,2.65,20.38,34.86,11,80.95,-79.18,user_10,-10.01,41.41,-40.56,1.381545899903358e-07
21,toward_cluster,5,2.65,20.38,34.86,11,80.95,-79.18,user_11,-12.51,36.95,-35.28,1.341442015245775e-07
21,toward_cluster,6,0.56,19.49,34.86,11,80.95,-79.34,user_1,11.72,-7.93,-42.67,1.487744896166987e-07
21,toward_cluster,6,0.56,19.49,34.86,11,80.95,-79.34,user_2,11.33,-0.6,-41.4,1.3477354343649495e-07
21,toward_cluster,6,0.56,19.49,34.86,11,80.95,-79.34,user_3,14.25,-6.26,-42.73,1.4780195556340914e-07
21,toward_cluster,6,0.56,19.49,34.86,11,80.95,-79.34,user_4,10.93,2.31,-41.31,1.298579519470877e-07
21,toward_cluster,6,0.56,19.49,34.86,11,80.95,-79.34,user_5,16.52,2.08,-43.26,1.3634243600790796e-07
21,toward_cluster,6,0.56,19.49,34.86,11,80.95,-79.34,user_6,-25.28,35.83,-41.86,1.5093878857896925e-07
21,toward_cluster,6,0.56,19.49,34.86,11,80.95,-79.34,user_7,-12.24,37.22,-35.27,1.3305330526236503e-07
21,toward_cluster,6,0.56,19.49,34.86,11,80.95,-79.34,user_8,-12.44,35.05,-35.35,1.3021835343351995e-07
21,toward_cluster,6,0.56,19.49,34.86,11,80.95,-79.34,user_9,-20.71,23.74,-39.3,1.327302214804149e-07
21,toward_cluster,6,0.56,19.49,34.86,11,80.95,-79.34,user_10,-10.01,41.41,-40.2,1.3773816931461624e-07
21,toward_cluster,6,0.56,19.49,34.86,11,80.95,-79.34,user_11,-12.51,36.95,-35.24,1.329480312506348e-07
21,toward_cluster,7,-0.7,18.96,34.86,11,80.1,-79.21,user_1,11.72,-7.93,-42.83,1.4880914989134908e-07
21,toward_cluster,7,-0.7,18.96,34.86,11,80.1,-79.21,user_2,11.33,-0.6,-41.68,1.3509156815416645e-07
21,toward_cluster,7,-0.7,18.96,34.86,11,80.1,-79.21,user_3,14.25,-6.26,-42.93,1.481430302874287e-07
21,toward_cluster,7,-0.7,18.96,34.86,11,80.1,-79.21,user_4,10.93,2.31,-41.7,1.3027670320298057e-07
21,toward_cluster,7,-0.7,18.96,34.86,11,80.1,-79.21,user_5,16.52,2.08,-43.74,1.373033455820405e-07
21,toward_cluster,7,-0.7,18.96,34.86,11,80.1,-79.21,user_6,-25.28,35.83,-41.95,1.4923641344921634e-07
21,toward_cluster,7,-0.7,18.96,34.86,11,80.1,-79.21,user_7,-12.24,37.22,-35.37,1.32567649302473e-07
21,toward_cluster,7,-0.7,18.96,34.86,11,80.1,-79.21,user_8,-12.44,35.05,-35.33,1.2960178707999148e-07
21,toward_cluster,7,-0.7,18.96,34.86,11,80.1,-79.21,user_9,-20.71,23.74,-39.3,1.3073575644284574e-07
21,toward_cluster,7,-0.7,18.96,34.86,11,80.1,-79.21,user_10,-10.01,41.41,-39.94,1.376762526206221e-07
21,toward_cluster,7,-0.7,18.96,34.86,11,80.1,-79.21,user_11,-12.51,36.95,-35.31,1.3242140539659886e-07
22,greedy_exploration,0,6.82,26.74,23.99,11,77.89,-78.54,user_1,62.03,29.88,-47.87,1.9912975801616994e-07
22,greedy_exploration,0,6.82,26.74,23.99,11,77.89,-78.54,user_2,61.8,30.01,-47.84,1.9844381426992186e-07
22,greedy_exploration,0,6.82,26.74,23.99,11,77.89,-78.54,user_3,56.81,24.77,-47.94,1.8296472603651637e-07
22,greedy_exploration,0,6.82,26.74,23.99,11,77.89,-78.54,user_4,51.24,30.88,-46.82,1.6665110535996064e-07
22,greedy_exploration,0,6.82,26.74,23.99,11,77.89,-78.54,user_5,50.75,23.12,-48.17,1.6506365341228957e-07
22,greedy_exploration,0,6.82,26.74,23.99,11,77.89,-78.54,user_6,31.24,-10.5,-46.35,1.6641318723031873e-07
22,greedy_exploration,0,6.82,26.74,23.99,11,77.89,-78.54,user_7,25.38,-17.35,-45.57,1.7632267201861396e-07
22,greedy_exploration,0,6.82,26.74,23.99,11,77.89,-78.54,user_8,17.77,-20.8,-54.64,1.7918800665484014e-07
22,greedy_exploration,0,6.82,26.74,23.99,11,77.89,-78.54,user_9,28.03,-12.18,-48.08,1.6579279815687187e-07
22,greedy_exploration,0,6.82,26.74,23.99,11,77.89,-78.54,user_10,30.17,-28.28,-46.24,2.130172305214728e-07
22,greedy_exploration,0,6.82,26.74,23.99,11,77.89,-78.54,user_11,34.94,-15.05,-54.43,1.840034116185052e-07
22,greedy_exploration,1,17.01,27.59,24.04,11,67.44,-78.25,user_1,62.03,29.88,-41.18,1.6811416969630955e-07
22,greedy_exploration,1,17.01,27.59,24.04,11,67.44,-78.25,user_2,61.8,30.01,-41.16,1.674495706538437e-07
22,greedy_exploration,1,17.01,27.59,24.04,11,67.44,-78.25,user_3,56.81,24.77,-40.86,1.5285988297364383e-07
22,greedy_exploration,1,17.01,27.59,24.04,11,67.44,-78.25,user_4,51.24,30.88,-40.33,1.371499536162446e-07
22,greedy_exploration,1,17.01,27.59,24.04,11,67.44,-78.25,user_5,50.75,23.12,-41.11,1.3616688931961107e-07
22,greedy_exploration,1,17.01,27.59,24.04,11,67.44,-78.25,user_6,31.24,-10.5,-37.18,1.550765489355399e-07
22,greedy_exploration,1,17.01,27.59,24.04,11,67.44,-78.25,user_7,25.38,-17.35,-40.21,1.7001013929984765e-07
22,greedy_exploration,1,17.01,27.59,24.04,11,67.44,-78.25,user_8,17.77,-20.8,-40.44,1.7808140739816736e-07
22,greedy_exploration,1,17.01,27.59,24.04,11,67.44,-78.25,user_9,28.03,-12.18,-39.58,1.5685121468322905e-07
22,greedy_exploration,1,17.01,27.59,24.04,11,67.44,-78.25,user_10,30.17,-28.28,-39.35,2.0569559922023473e-07
22,greedy_exploration,1,17.01,27.59,24.04,11,67.44,-78.25,user_11,34.94,-15.05,-43.89,1.7163827692456834e-07
22,greedy_exploration,2,9.44,41.74,23.22,11,56.1,-78.26,user_1,62.03,29.88,-46.86,1.93872949694196e-07
22,greedy_exploration,2,9.44,41.74,23.22,11,56.1,-78.26,user_2,61.8,30.01,-46.82,1.9309069898554299e-07
22,greedy_exploration,2,9.44,41.74,23.22,11,56.1,-78.26,user_3,56.81,24.77,-46.52,1.8281188829405437e-07
22,greedy_exploration,2,9.44,41.74,23.22,11,56.1,-78.26,user_4,51.24,30.88,-45.55,1.612511795201499e-07
22,greedy_exploration,2,9.44,41.74,23.22,11,56.1,-78.26,user_5,50.75,23.12,-46.05,1.6761318022417981e-07
22,greedy_exploration,2,9.44,41.74,23.22,11,56.1,-78.26,user_6,31.24,-10.5,-56.13,2.022404430590541e-07
22,greedy_exploration,2,9.44,41.74,23.22,11,56.1,-78.26,user_7,25.38,-17.35,-62.26,2.1662337701400247e-07
22,greedy_exploration,2,9.44,41.74,23.22,11,56.1,-78.26,user_8,17.77,-20.8,-50.56,2.2257498244471208e-07
22,greedy_exploration,2,9.44,41.74,23.22,11,56.1,-78.26,user_9,28.03,-12.18,-58.72,2.0357558128125675e-07
22,greedy_exploration,2,9.44,41.74,23.22,11,56.1,-78.26,user_10,30.17,-28.28,-60.36,2.5412879267605604e-07
22,greedy_exploration,2,9.44,41.74,23.22,11,56.1,-78.26,user_11,34.94,-15.05,-63.42,2.1992761389810767e-07
22,greedy_exploration,3,-4.02,39.99,23.0,11,53.46,-78.21,user_1,62.03,29.88,-63.16,2.3413879546296812e-07
22,greedy_exploration,3,-4.02,39.99,23.0,11,53.46,-78.21,user_2,61.8,30.01,-63.15,2.3335479681918514e-07
22,greedy_exploration,3,-4.02,39.99,23.0,11,53.46,-78.21,user_3,56.81,24.77,-65.31,2.2111518660494767e-07
22,greedy_exploration,3,-4.02,39.99,23.0,11,53.46,-78.21,user_4,51.24,30.88,-56.91,2.001081611524569e-07
22,greedy_exploration,3,-4.02,39.99,23.0,11,53.46,-78.21,user_5,50.75,23.12,-64.66,2.0417282087237254e-07
22,greedy_exploration,3,-4.02,39.99,23.0,11,53.46,-78.21,user_6,31.24,-10.5,-54.32,2.175788580416338e-07
22,greedy_exploration,3,-4.02,39.99,23.0,11,53.46,-78.21,user_7,25.38,-17.35,-51.05,2.2659011733594525e-07
22,greedy_exploration,3,-4.02,39.99,23.0,11,53.46,-78.21,user_8,17.77,-20.8,-200.0,
22,greedy_exploration,3,-4.02,39.99,23.0,11,53.46,-78.21,user_9,28.03,-12.18,-51.93,2.1646128800512088e-07
22,greedy_exploration,3,-4.02,39.99,23.0,11,53.46,-78.21,user_10,30.17,-28.28,-51.91,2.64590113374652e-07
22,greedy_exploration,3,-4.02,39.99,23.0,11,53.46,-78.21,user_11,34.94,-15.05,-64.43,2.360901731890408e-07
22,greedy_exploration,4,-13.48,54.5,21.44,11,64.65,-78.2,user_1,62.03,29.88,-56.47,2.731461563598714e-07
22,greedy_exploration,4,-13.48,54.5,21.44,11,64.65,-78.2,user_2,61.8,30.01,-56.53,2.723084833178291e-07
22,greedy_exploration,4,-13.48,54.5,21.44,11,64.65,-78.2,user_3,56.81,24.77,-49.75,2.631176130307722e-07
22,greedy_exploration,4,-13.48,54.5,21.44,11,64.65,-78.2,user_4,51.24,30.88,-49.15,2.392421265540179e-07
22,greedy_exploration,4,-13.48,54.5,21.44,11,64.65,-78.2,user_5,50.75,23.12,-49.84,2.4755311756052834e-07
22,greedy_exploration,4,-13.48,54.5,21.44,11,64.65,-78.2,user_6,31.24,-10.5,-57.04,2.71449891897646e-07
22,greedy_exploration,4,-13.48,54.5,21.44,11,64.65,-78.2,user_7,25.38,-17.35,-53.21,2.804741541240219e-07
22,greedy_exploration,4,-13.48,54.5,21.44,11,64.65,-78.2,user_8,17.77,-20.8,-200.0,
22,greedy_exploration,4,-13.48,54.5,21.44,11,64.65,-78.2,user_9,28.03,-12.18,-54.33,2.703085044686304e-07
22,greedy_exploration,4,-13.48,54.5,21.44,11,64.65,-78.2,user_10,30.17,-28.28,-53.67,3.191679240899248e-07
22,greedy_exploration,4,-13.48,54.5,21.44,11,64.65,-78.2,user_11,34.94,-15.05,-66.27,2.903982192492549e-07
22,greedy_exploration,5,-12.94,69.37,23.66,11,64.23,-79.47,user_1,62.03,29.88,-52.51,2.921501049968356e-07
22,greedy_exploration,5,-12.94,69.37,23.66,11,64.23,-79.47,user_2,61.8,30.01,-52.52,2.912979653046932e-07
22,greedy_exploration,5,-12.94,69.37,23.66,11,64.23,-79.47,user_3,56.81,24.77,-51.9,2.858799632576847e-07
22,greedy_exploration,5,-12.94,69.37,23.66,11,64.23,-79.47,user_4,51.24,30.88,-52.85,2.603428299607913e-07
22,greedy_exploration,5,-12.94,69.37,23.66,11,64.23,-79.47,user_5,50.75,23.12,-50.64,2.7275967795503675e-07
22,greedy_exploration,5,-12.94,69.37,23.66,11,64.23,-79.47,user_6,31.24,-10.5,-59.12,3.13304497012723e-07
22,greedy_exploration,5,-12.94,69.37,23.66,11,64.23,-79.47,user_7,25.38,-17.35,-56.07,3.247730262501136e-07
22,greedy_exploration,5,-12.94,69.37,23.66,11,64.23,-79.47,user_8,17.77,-20.8,-200.0,
22,greedy_exploration,5,-12.94,69.37,23.66,11,64.23,-79.47,user_9,28.03,-12.18,-61.79,3.1326638350037683e-07
22,greedy_exploration,5,-12.94,69.37,23.66,11,64.23,-79.47,user_10,30.17,-28.28,-54.38,3.6364696143209585e-07
22,greedy_exploration,5,-12.94,69.37,23.66,11,64.23,-79.47,user_11,34.94,-15.05,-68.78,3.320646442261932e-07
22,greedy_exploration,6,-19.98,81.45,25.75,11,60.51,-79.81,user_1,62.03,29.88,-53.35,3.331162758968276e-07
22,greedy_exploration,6,-19.98,81.45,25.75,11,60.51,-79.81,user_2,61.8,30.01,-53.35,3.322623740587005e-07
22,greedy_exploration,6,-19.98,81.45,25.75,11,60.51,-79.81,user_3,56.81,24.77,-52.62,3.284782792434271e-07
22,greedy_exploration,6,-19.98,81.45,25.75,11,60.51,-79.81,user_4,51.24,30.88,-53.27,3.023804993063095e-07
22,greedy_exploration,6,-19.98,81.45,25.75,11,60.51,-79.81,user_5,50.75,23.12,-52.04,3.1632683317184274e-07
22,greedy_exploration,6,-19.98,81.45,25.75,11,60.51,-79.81,user_6,31.24,-10.5,-60.28,3.602855542794714e-07
22,greedy_exploration,6,-19.98,81.45,25.75,11,60.51,-79.81,user_7,25.38,-17.35,-57.32,3.715465481946012e-07
22,greedy_exploration,6,-19.98,81.45,25.75,11,60.51,-79.81,user_8,17.77,-20.8,-200.0,
22,greedy_exploration,6,-19.98,81.45,25.75,11,60.51,-79.81,user_9,28.03,-12.18,-62.87,3.601812466058618e-07
22,greedy_exploration,6,-19.98,81.45,25.75,11,60.51,-79.81,user_10,30.17,-28.28,-55.88,4.1048389221032267e-07
22,greedy_exploration,6,-19.98,81.45,25.75,11,60.51,-79.81,user_11,34.94,-15.05,-69.9,3.790984521856444e-07
22,greedy_exploration,7,-34.41,83.67,28.35,11,60.01,-80.41,user_1,62.03,29.88,-56.33,3.790756011312624e-07
22,greedy_exploration,7,-34.41,83.67,28.35,11,60.01,-80.41,user_2,61.8,30.01,-56.04,3.782193402912526e-07
22,greedy_exploration,7,-34.41,83.67,28.35,11,60.01,-80.41,user_3,56.81,24.77,-55.27,3.731033473286516e-07
22,greedy_exploration,7,-34.41,83.67,28.35,11,60.01,-80.41,user_4,51.24,30.88,-54.91,3.473494700756419e-07
22,greedy_exploration,7,-34.41,83.67,28.35,11,60.01,-80.41,user_5,50.75,23.12,-53.06,3.5986988677905174e-07
22,greedy_exploration,7,-34.41,83.67,28.35,11,60.01,-80.41,user_6,31.24,-10.5,-60.42,3.932497634195897e-07
22,greedy_exploration,7,-34.41,83.67,28.35,11,60.01,-80.41,user_7,25.38,-17.35,-57.97,4.0167552128878015e-07
22,greedy_exploration,7,-34.41,83.67,28.35,11,60.01,-80.41,user_8,17.77,-20.8,-200.0,
22,greedy_exploration,7,-34.41,83.67,28.35,11,60.01,-80.41,user_9,28.03,-12.18,-59.14,3.9194702594613773e-07
22,greedy_exploration,7,-34.41,83.67,28.35,11,60.01,-80.41,user_10,30.17,-28.28,-57.42,4.403084119530831e-07
22,greedy_exploration,7,-34.41,83.67,28.35,11,60.01,-80.41,user_11,34.94,-15.05,-69.26,4.1227198721571767e-07
23,toward_cluster,0,6.67,44.82,27.13,9,59.19,-79.15,user_1,28.12,-22.99,-59.51,2.521708211133955e-07
23,toward_cluster,0,6.67,44.82,27.13,9,59.19,-79.15,user_2,28.96,-23.46,-59.53,2.5438276907152613e-07
23,toward_cluster,0,6.67,44.82,27.13,9,59.19,-79.15,user_3,31.44,-19.33,-57.15,2.4479311377945123e-07
23,toward_cluster,0,6.67,44.82,27.13,9,59.19,-79.15,user_4,32.46,-18.85,-69.48,2.4457074232486775e-07
23,toward_cluster,0,6.67,44.82,27.13,9,59.19,-79.15,user_5,42.74,-19.98,-64.12,2.6173586320510367e-07
23,toward_cluster,0,6.67,44.82,27.13,9,59.19,-79.15,user_6,25.61,-18.36,-62.25,2.3603833199103974e-07
23,toward_cluster,0,6.67,44.82,27.13,9,59.19,-79.15,user_7,29.28,-2.69,-56.64,1.9522218508427613e-07
23,toward_cluster,0,6.67,44.82,27.13,9,59.19,-79.15,user_8,30.22,-13.13,-56.46,2.2548786660081532e-07
23,toward_cluster,0,6.67,44.82,27.13,9,59.19,-79.15,user_9,23.9,2.45,-55.14,1.7489024628503103e-07
23,toward_cluster,1,12.17,30.86,27.13,9,77.0,-79.38,user_1,28.12,-22.99,-53.96,2.0592339922131941e-07
23,toward_cluster,1,12.17,30.86,27.13,9,77.0,-79.38,user_2,28.96,-23.46,-53.98,2.080291210404539e-07
23,toward_cluster,1,12.17,30.86,27.13,9,77.0,-79.38,user_3,31.44,-19.33,-51.9,1.986671804843354e-07
23,toward_cluster,1,12.17,30.86,27.13,9,77.0,-79.38,user_4,32.46,-18.85,-59.87,1.9845424503728282e-07
23,toward_cluster,1,12.17,30.86,27.13,9,77.0,-79.38,user_5,42.74,-19.98,-55.14,2.1555899820668856e-07
23,toward_cluster,1,12.17,30.86,27.13,9,77.0,-79.38,user_6,25.61,-18.36,-56.12,1.9045717181143118e-07
23,toward_cluster,1,12.17,30.86,27.13,9,77.0,-79.38,user_7,29.28,-2.69,-49.33,1.519548789019609e-07
23,toward_cluster,1,12.17,30.86,27.13,9,77.0,-79.38,user_8,30.22,-13.13,-48.31,1.8018079117609886e-07
23,toward_cluster,1,12.17,30.86,27.13,9,77.0,-79.38,user_9,23.9,2.45,-48.39,1.3349307437238167e-07
23,toward_cluster,2,17.67,16.9,27.13,9,69.92,-78.63,user_1,28.12,-22.99,-37.79,1.6195255625461868e-07
23,toward_cluster,2,17.67,16.9,27.13,9,69.92,-78.63,user_2,28.96,-23.46,-37.83,1.6386420043090766e-07
23,toward_cluster,2,17.67,16.9,27.13,9,69.92,-78.63,user_3,31.44,-19.33,-37.3,1.5499509231631237e-07
23,toward_cluster,2,17.67,16.9,27.13,9,69.92,-78.63,user_4,32.46,-18.85,-47.72,1.5480044623927824e-07
23,toward_cluster,2,17.67,16.9,27.13,9,69.92,-78.63,user_5,42.74,-19.98,-43.88,1.715679331937281e-07
23,toward_cluster,2,17.67,16.9,27.13,9,69.92,-78.63,user_6,25.61,-18.36,-38.28,1.477959301610099e-07
23,toward_cluster,2,17.67,16.9,27.13,9,69.92,-78.63,user_7,29.28,-2.69,-37.57,1.1436224411909279e-07
23,toward_cluster,2,17.67,16.9,27.13,9,69.92,-78.63,user_8,30.22,-13.13,-36.7,1.3818575439472625e-07
23,toward_cluster,2,17.67,16.9,27.13,9,69.92,-78.63,user_9,23.9,2.45,-36.45,1.0031976671598386e-07
23,toward_cluster,3,22.72,4.08,27.13,9,83.08,-78.07,user_1,28.12,-22.99,-38.06,1.2564530038616795e-07
23,toward_cluster,3,22.72,4.08,27.13,9,83.08,-78.07,user_2,28.96,-23.46,-38.07,1.2720499853458023e-07
23,toward_cluster,3,22.72,4.08,27.13,9,83.08,-78.07,user_3,31.44,-19.33,-37.41,1.1938440991343668e-07
23,toward_cluster,3,22.72,4.08,27.13,9,83.08,-78.07,user_4,32.46,-18.85,-47.98,1.19225219918917e-07
23,toward_cluster,3,22.72,4.08,27.13,9,83.08,-78.07,user_5,42.74,-19.98,-44.2,1.3494226891452854e-07
23,toward_cluster,3,22.72,4.08,27.13,9,83.08,-78.07,user_6,25.61,-18.36,-37.73,1.1403807320675696e-07
23,toward_cluster,3,22.72,4.08,27.13,9,83.08,-78.07,user_7,29.28,-2.69,-37.2,9.109191267953065e-08
23,toward_cluster,3,22.72,4.08,27.13,9,83.08,-78.07,user_8,30.22,-13.13,-36.89,1.0597320709848645e-07
23,toward_cluster,3,22.72,4.08,27.13,9,83.08,-78.07,user_9,23.9,2.45,-36.61,8.575557330914307e-08
23,toward_cluster,4,25.75,-3.61,27.13,9,83.0,-78.21,user_1,28.12,-22.99,-36.55,1.0747277201517136e-07
23,toward_cluster,4,25.75,-3.61,27.13,9,83.0,-78.21,user_2,28.96,-23.46,-36.51,1.0866325084180062e-07
23,toward_cluster,4,25.75,-3.61,27.13,9,83.0,-78.21,user_3,31.44,-19.33,-35.88,1.0207232037373615e-07
23,toward_cluster,4,25.75,-3.61,27.13,9,83.0,-78.21,user_4,32.46,-18.85,-47.17,1.0195164179549465e-07
23,toward_cluster,4,25.75,-3.61,27.13,9,83.0,-78.21,user_5,42.74,-19.98,-43.19,1.1619975737175992e-07
23,toward_cluster,4,25.75,-3.61,27.13,9,83.0,-78.21,user_6,25.61,-18.36,-36.56,9.864020711347621e-08
23,toward_cluster,4,25.75,-3.61,27.13,9,83.0,-78.21,user_7,29.28,-2.69,-36.68,8.635407766632852e-08
23,toward_cluster,4,25.75,-3.61,27.13,9,83.0,-78.21,user_8,30.22,-13.13,-36.17,9.241038867457974e-08
23,toward_cluster,4,25.75,-3.61,27.13,9,83.0,-78.21,user_9,23.9,2.45,-36.87,8.806615880985191e-08
23,toward_cluster,5,27.57,-8.23,27.13,9,82.97,-77.89,user_1,28.12,-22.99,-35.94,9.867279970876552e-08
23,toward_cluster,5,27.57,-8.23,27.13,9,82.97,-77.89,user_2,28.96,-23.46,-35.83,9.955542878969936e-08
23,toward_cluster,5,27.57,-8.23,27.13,9,82.97,-77.89,user_3,31.44,-19.33,-35.18,9.405582801491619e-08
23,toward_cluster,5,27.57,-8.23,27.13,9,82.97,-77.89,user_4,32.46,-18.85,-45.86,9.396762834512629e-08
23,toward_cluster,5,27.57,-8.23,27.13,9,82.97,-77.89,user_5,42.74,-19.98,-41.0,1.0679720929829273e-07
23,toward_cluster,5,27.57,-8.23,27.13,9,82.97,-77.89,user_6,25.61,-18.36,-36.34,9.216003604706202e-08
23,toward_cluster,5,27.57,-8.23,27.13,9,82.97,-77.89,user_7,29.28,-2.69,-36.82,8.765265135934897e-08
23,toward_cluster,5,27.57,-8.23,27.13,9,82.97,-77.89,user_8,30.22,-13.13,-36.41,8.748854440909781e-08
23,toward_cluster,5,27.57,-8.23,27.13,9,82.97,-77.89,user_9,23.9,2.45,-37.44,9.34234449800897e-08
23,toward_cluster,6,28.66,-11.0,27.13,9,82.15,-78.19,user_1,28.12,-22.99,-35.68,9.44020897009068e-08
23,toward_cluster,6,28.66,-11.0,27.13,9,82.15,-78.19,user_2,28.96,-23.46,-35.49,9.506509002221719e-08
23,toward_cluster,6,28.66,-11.0,27.13,9,82.15,-78.19,user_3,31.44,-19.33,-34.84,9.037150050517084e-08
23,toward_cluster,6,28.66,-11.0,27.13,9,82.15,-78.19,user_4,32.46,-18.85,-45.3,9.030654979369501e-08
23,toward_cluster,6,28.66,-11.0,27.13,9,82.15,-78.19,user_5,42.74,-19.98,-39.85,1.0203919487139501e-07
23,toward_cluster,6,28.66,-11.0,27.13,9,82.15,-78.19,user_6,25.61,-18.36,-36.46,8.95275675816265e-08
23,toward_cluster,6,28.66,-11.0,27.13,9,82.15,-78.19,user_7,29.28,-2.69,-37.07,8.989767508182922e-08
23,toward_cluster,6,28.66,-11.0,27.13,9,82.15,-78.19,user_8,30.22,-13.13,-36.33,8.594486899937692e-08
23,toward_cluster,6,28.66,-11.0,27.13,9,82.15,-78.19,user_9,23.9,2.45,-37.89,9.78461756062643e-08
23,toward_cluster,7,29.32,-12.66,27.13,9,78.01,-77.93,user_1,28.12,-22.99,-35.57,9.226202735135303e-08
23,toward_cluster,7,29.32,-12.66,27.13,9,78.01,-77.93,user_2,28.96,-23.46,-35.32,9.278038248794473e-08
23,toward_cluster,7,29.32,-12.66,27.13,9,78.01,-77.93,user_3,31.44,-19.33,-34.65,8.862265588049922e-08
23,toward_cluster,7,29.32,-12.66,27.13,9,78.01,-77.93,user_4,32.46,-18.85,-45.5,8.857194444544803e-08
23,toward_cluster,7,29.32,-12.66,27.13,9,78.01,-77.93,user_5,42.74,-19.98,-38.63,9.954391089195269e-08
23,toward_cluster,7,29.32,-12.66,27.13,9,78.01,-77.93,user_6,25.61,-18.36,-36.58,8.845117349665088e-08
23,toward_cluster,7,29.32,-12.66,27.13,9,78.01,-77.93,user_7,29.28,-2.69,-37.26,9.173311354970792e-08
23,toward_cluster,7,29.32,-12.66,27.13,9,78.01,-77.93,user_8,30.22,-13.13,-35.37,8.55595274629195e-08
23,toward_cluster,7,29.32,-12.66,27.13,9,78.01,-77.93,user_9,23.9,2.45,-36.63,1.0087682511539242e-07
24,greedy_exploration,0,-10.99,-34.1,31.65,18,79.64,-79.64,user_1,55.36,47.03,-61.98,3.6377485912453267e-07
24,greedy_exploration,0,-10.99,-34.1,31.65,18,79.64,-79.64,user_2,55.73,40.29,-61.66,3.48162501495608e-07
24,greedy_exploration,0,-10.99,-34.1,31.65,18,79.64,-79.64,user_3,52.32,47.95,-61.9,3.600233640099759e-07
24,greedy_exploration,0,-10.99,-34.1,31.65,18,79.64,-79.64,user_4,53.45,45.09,-61.78,3.5509447116055526e-07
24,greedy_exploration,0,-10.99,-34.1,31.65,18,79.64,-79.64,user_5,51.88,47.32,-61.84,3.575657387955289e-07
24,greedy_exploration,0,-10.99,-34.1,31.65,18,79.64,-79.64,user_6,45.5,52.31,-62.05,3.5874552395398496e-07
24,greedy_exploration,0,-10.99,-34.1,31.65,18,79.64,-79.64,user_7,-1.94,41.49,-54.58,2.73131206540711e-07
24,greedy_exploration,0,-10.99,-34.1,31.65,18,79.64,-79.64,user_8,-25.05,41.59,-52.57,2.757847425982618e-07
24,greedy_exploration,0,-10.99,-34.1,31.65,18,79.64,-79.64,user_9,-13.27,39.88,-54.24,2.6658557317205123e-07
24,greedy_exploration,0,-10.99,-34.1,31.65,18,79.64,-79.64,user_10,-7.94,47.07,-54.96,2.890076871153724e-07
24,greedy_exploration,0,-10.99,-34.1,31.65,18,79.64,-79.64,user_11,-6.41,51.07,-55.36,3.0175897336448543e-07
24,greedy_exploration,0,-10.99,-34.1,31.65,18,79.64,-79.64,user_12,-16.03,47.71,-54.13,2.9131624046385696e-07
24,greedy_exploration,0,-10.99,-34.1,31.65,18,79.64,-79.64,user_13,-14.6,-22.17,-36.52,1.0882470746764739e-07
24,greedy_exploration,0,-10.99,-34.1,31.65,18,79.64,-79.64,user_14,-21.45,-24.17,-42.03,1.1148424050588801e-07
24,greedy_exploration,0,-10.99,-34.1,31.65,18,79.64,-79.64,user_15,-26.6,-26.73,-40.27,1.1588706883003397e-07
24,greedy_exploration,0,-10.99,-34.1,31.65,18,79.64,-79.64,user_16,-17.48,-14.24,-45.41,1.223576617803701e-07
24,greedy_exploration,0,-10.99,-34.1,31.65,18,79.64,-79.64,user_17,-15.51,-21.92,-46.09,1.0950888906791079e-07
24,greedy_exploration,0,-10.99,-34.1,31.65,18,79.64,-79.64,user_18,-26.37,-18.24,-42.04,1.2467920385006437e-07
24,greedy_exploration,1,-20.7,-20.63,32.44,18,75.84,-78.52,user_1,55.36,47.03,-200.0,
24,greedy_exploration,1,-20.7,-20.63,32.44,18,75.84,-78.52,user_2,55.73,40.29,-200.0,
24,greedy_exploration,1,-20.7,-20.63,32.44,18,75.84,-78.52,user_3,52.32,47.95,-200.0,
24,greedy_exploration,1,-20.7,-20.63,32.44,18,75.84,-78.52,user_4,53.45,45.09,-200.0,
24,greedy_exploration,1,-20.7,-20.63,32.44,18,75.84,-78.52,user_5,51.88,47.32,-200.0,
24,greedy_exploration,1,-20.7,-20.63,32.44,18,75.84,-78.52,user_6,45.5,52.31,-200.0,
24,greedy_exploration,1,-20.7,-20.63,32.44,18,75.84,-78.52,user_7,-1.94,41.49,-52.6,2.3979791308192944e-07
24,greedy_exploration,1,-20.7,-20.63,32.44,18,75.84,-78.52,user_8,-25.05,41.59,-43.01,2.3224144740652264e-07
24,greedy_exploration,1,-20.7,-20.63,32.44,18,75.84,-78.52,user_9,-13.27,39.88,-69.36,2.2804535149134608e-07
24,greedy_exploration,1,-20.7,-20.63,32.44,18,75.84,-78.52,user_10,-7.94,47.07,-52.66,2.5191025088133756e-07
24,greedy_exploration,1,-20.7,-20.63,32.44,18,75.84,-78.52,user_11,-6.41,51.07,-50.56,2.6480824999453034e-07
24,greedy_exploration,1,-20.7,-20.63,32.44,18,75.84,-78.52,user_12,-16.03,47.71,-45.37,2.5071611275961914e-07
24,greedy_exploration,1,-20.7,-20.63,32.44,18,75.84,-78.52,user_13,-14.6,-22.17,-42.39,1.0531676508662713e-07
24,greedy_exploration,1,-20.7,-20.63,32.44,18,75.84,-78.52,user_14,-21.45,-24.17,-37.75,1.0390816385097423e-07
24,greedy_exploration,1,-20.7,-20.63,32.44,18,75.84,-78.52,user_15,-26.6,-26.73,-38.27,1.0701656805167659e-07
24,greedy_exploration,1,-20.7,-20.63,32.44,18,75.84,-78.52,user_16,-17.48,-14.24,-37.94,1.0592874133408259e-07
24,greedy_exploration,1,-20.7,-20.63,32.44,18,75.84,-78.52,user_17,-15.51,-21.92,-36.68,1.0473507217056977e-07
24,greedy_exploration,1,-20.7,-20.63,32.44,18,75.84,-78.52,user_18,-26.37,-18.24,-38.19,1.0522582982730455e-07
24,greedy_exploration,2,-15.17,-18.5,34.73,18,74.45,-78.79,user_1,55.36,47.03,-200.0,
24,greedy_exploration,2,-15.17,-18.5,34.73,18,74.45,-78.79,user_2,55.73,40.29,-200.0,
24,greedy_exploration,2,-15.17,-18.5,34.73,18,74.45,-78.79,user_3,52.32,47.95,-200.0,
24,greedy_exploration,2,-15.17,-18.5,34.73,18,74.45,-78.79,user_4,53.45,45.09,-200.0,
24,greedy_exploration,2,-15.17,-18.5,34.73,18,74.45,-78.79,user_5,51.88,47.32,-200.0,
24,greedy_exploration,2,-15.17,-18.5,34.73,18,74.45,-78.79,user_6,45.5,52.31,-200.0,
24,greedy_exploration,2,-15.17,-18.5,34.73,18,74.45,-78.79,user_7,-1.94,41.49,-200.0,
24,greedy_exploration,2,-15.17,-18.5,34.73,18,74.45,-78.79,user_8,-25.05,41.59,-40.86,2.3140441385294253e-07
24,greedy_exploration,2,-15.17,-18.5,34.73,18,74.45,-78.79,user_9,-13.27,39.88,-65.82,3.9187901279547077e-07
24,greedy_exploration,2,-15.17,-18.5,34.73,18,74.45,-78.79,user_10,-7.94,47.07,-66.07,4.1860843680296966e-07
24,greedy_exploration,2,-15.17,-18.5,34.73,18,74.45,-78.79,user_11,-6.41,51.07,-66.09,4.2980997250197106e-07
24,greedy_exploration,2,-15.17,-18.5,34.73,18,74.45,-78.79,user_12,-16.03,47.71,-41.5,2.4712431923035183e-07
24,greedy_exploration,2,-15.17,-18.5,34.73,18,74.45,-78.79,user_13,-14.6,-22.17,-49.54,1.1153350953918562e-07
24,greedy_exploration,2,-15.17,-18.5,34.73,18,74.45,-78.79,user_14,-21.45,-24.17,-38.62,1.1437990821150379e-07
24,greedy_exploration,2,-15.17,-18.5,34.73,18,74.45,-78.79,user_15,-26.6,-26.73,-39.11,1.2038894681154488e-07
24,greedy_exploration,2,-15.17,-18.5,34.73,18,74.45,-78.79,user_16,-17.48,-14.24,-37.49,1.1201579042108278e-07
24,greedy_exploration,2,-15.17,-18.5,34.73,18,74.45,-78.79,user_17,-15.51,-21.92,-35.74,1.1143460909579517e-07
24,greedy_exploration,2,-15.17,-18.5,34.73,18,74.45,-78.79,user_18,-26.37,-18.24,-38.46,1.1697311208536121e-07
24,greedy_exploration,3,-27.82,-18.67,33.16,18,78.51,-78.47,user_1,55.36,47.03,-200.0,
24,greedy_exploration,3,-27.82,-18.67,33.16,18,78.51,-78.47,user_2,55.73,40.29,-200.0,
24,greedy_exploration,3,-27.82,-18.67,33.16,18,78.51,-78.47,user_3,52.32,47.95,-200.0,
24,greedy_exploration,3,-27.82,-18.67,33.16,18,78.51,-78.47,user_4,53.45,45.09,-200.0,
24,greedy_exploration,3,-27.82,-18.67,33.16,18,78.51,-78.47,user_5,51.88,47.32,-200.0,
24,greedy_exploration,3,-27.82,-18.67,33.16,18,78.51,-78.47,user_6,45.5,52.31,-61.4,3.564040866876894e-07
24,greedy_exploration,3,-27.82,-18.67,33.16,18,78.51,-78.47,user_7,-1.94,41.49,-58.08,2.4264019771180756e-07
24,greedy_exploration,3,-27.82,-18.67,33.16,18,78.51,-78.47,user_8,-25.05,41.59,-43.02,2.272474119990875e-07
24,greedy_exploration,3,-27.82,-18.67,33.16,18,78.51,-78.47,user_9,-13.27,39.88,-60.89,2.272685577509037e-07
24,greedy_exploration,3,-27.82,-18.67,33.16,18,78.51,-78.47,user_10,-7.94,47.07,-59.76,2.522617705835728e-07
24,greedy_exploration,3,-27.82,-18.67,33.16,18,78.51,-78.47,user_11,-6.41,51.07,-59.54,2.652707280503819e-07
24,greedy_exploration,3,-27.82,-18.67,33.16,18,78.51,-78.47,user_12,-16.03,47.71,-46.17,2.4844734980433714e-07
24,greedy_exploration,3,-27.82,-18.67,33.16,18,78.51,-78.47,user_13,-14.6,-22.17,-41.42,1.1503725261263753e-07
24,greedy_exploration,3,-27.82,-18.67,33.16,18,78.51,-78.47,user_14,-21.45,-24.17,-38.61,1.0927380600378456e-07
24,greedy_exploration,3,-27.82,-18.67,33.16,18,78.51,-78.47,user_15,-26.6,-26.73,-37.95,1.0905085190415775e-07
24,greedy_exploration,3,-27.82,-18.67,33.16,18,78.51,-78.47,user_16,-17.48,-14.24,-38.81,1.1207436045879149e-07
24,greedy_exploration,3,-27.82,-18.67,33.16,18,78.51,-78.47,user_17,-15.51,-21.92,-38.82,1.1382574172102977e-07
24,greedy_exploration,3,-27.82,-18.67,33.16,18,78.51,-78.47,user_18,-26.37,-18.24,-37.99,1.0572681929943428e-07
24,greedy_exploration,4,-23.82,-8.76,30.38,18,82.23,-78.01,user_1,55.36,47.03,-200.0,
24,greedy_exploration,4,-23.82,-8.76,30.38,18,82.23,-78.01,user_2,55.73,40.29,-200.0,
24,greedy_exploration,4,-23.82,-8.76,30.38,18,82.23,-78.01,user_3,52.32,47.95,-200.0,
24,greedy_exploration,4,-23.82,-8.76,30.38,18,82.23,-78.01,user_4,53.45,45.09,-200.0,
24,greedy_exploration,4,-23.82,-8.76,30.38,18,82.23,-78.01,user_5,51.88,47.32,-200.0,
24,greedy_exploration,4,-23.82,-8.76,30.38,18,82.23,-78.01,user_6,45.5,52.31,-60.6,3.2286627060784667e-07
24,greedy_exploration,4,-23.82,-8.76,30.38,18,82.23,-78.01,user_7,-1.94,41.49,-57.28,2.0664427324845747e-07
24,greedy_exploration,4,-23.82,-8.76,30.38,18,82.23,-78.01,user_8,-25.05,41.59,-39.91,1.9365943160210009e-07
24,greedy_exploration,4,-23.82,-8.76,30.38,18,82.23,-78.01,user_9,-13.27,39.88,-59.71,1.919430587804527e-07
24,greedy_exploration,4,-23.82,-8.76,30.38,18,82.23,-78.01,user_10,-7.94,47.07,-57.96,2.1625703539029928e-07
24,greedy_exploration,4,-23.82,-8.76,30.38,18,82.23,-78.01,user_11,-6.41,51.07,-57.75,2.2908815822120232e-07
24,greedy_exploration,4,-23.82,-8.76,30.38,18,82.23,-78.01,user_12,-16.03,47.71,-42.5,2.131576195552043e-07
24,greedy_exploration,4,-23.82,-8.76,30.38,18,82.23,-78.01,user_13,-14.6,-22.17,-43.09,1.1057489501808959e-07
24,greedy_exploration,4,-23.82,-8.76,30.38,18,82.23,-78.01,user_14,-21.45,-24.17,-37.53,1.0947506012826125e-07
24,greedy_exploration,4,-23.82,-8.76,30.38,18,82.23,-78.01,user_15,-26.6,-26.73,-37.34,1.1383793463437542e-07
24,greedy_exploration,4,-23.82,-8.76,30.38,18,82.23,-78.01,user_16,-17.48,-14.24,-37.5,1.0030689878703924e-07
24,greedy_exploration,4,-23.82,-8.76,30.38,18,82.23,-78.01,user_17,-15.51,-21.92,-37.32,1.094322001904402e-07
24,greedy_exploration,4,-23.82,-8.76,30.38,18,82.23,-78.01,user_18,-26.37,-18.24,-37.47,1.0174673548135615e-07
24,greedy_exploration,5,-19.86,-17.34,31.91,18,76.04,-78.39,user_1,55.36,47.03,-200.0,
24,greedy_exploration,5,-19.86,-17.34,31.91,18,76.04,-78.39,user_2,55.73,40.29,-200.0,
24,greedy_exploration,5,-19.86,-17.34,31.91,18,76.04,-78.39,user_3,52.32,47.95,-200.0,
24,greedy_exploration,5,-19.86,-17.34,31.91,18,76.04,-78.39,user_4,53.45,45.09,-200.0,
24,greedy_exploration,5,-19.86,-17.34,31.91,18,76.04,-78.39,user_5,51.88,47.32,-200.0,
24,greedy_exploration,5,-19.86,-17.34,31.91,18,76.04,-78.39,user_6,45.5,52.31,-200.0,
24,greedy_exploration,5,-19.86,-17.34,31.91,18,76.04,-78.39,user_7,-1.94,41.49,-52.17,2.2884691475155705e-07
24,greedy_exploration,5,-19.86,-17.34,31.91,18,76.04,-78.39,user_8,-25.05,41.59,-42.67,2.2187526838024496e-07
24,greedy_exploration,5,-19.86,-17.34,31.91,18,76.04,-78.39,user_9,-13.27,39.88,-69.8,2.1726073384797928e-07
24,greedy_exploration,5,-19.86,-17.34,31.91,18,76.04,-78.39,user_10,-7.94,47.07,-52.04,2.408947636922676e-07
24,greedy_exploration,5,-19.86,-17.34,31.91,18,76.04,-78.39,user_11,-6.41,51.07,-50.3,2.5371926426487335e-07
24,greedy_exploration,5,-19.86,-17.34,31.91,18,76.04,-78.39,user_12,-16.03,47.71,-41.29,2.398634251221665e-07
24,greedy_exploration,5,-19.86,-17.34,31.91,18,76.04,-78.39,user_13,-14.6,-22.17,-44.07,1.0419618234891459e-07
24,greedy_exploration,5,-19.86,-17.34,31.91,18,76.04,-78.39,user_14,-21.45,-24.17,-37.83,1.0409899431351732e-07
24,greedy_exploration,5,-19.86,-17.34,31.91,18,76.04,-78.39,user_15,-26.6,-26.73,-38.14,1.0851694298708026e-07
24,greedy_exploration,5,-19.86,-17.34,31.91,18,76.04,-78.39,user_16,-17.48,-14.24,-37.23,1.0227112312577447e-07
24,greedy_exploration,5,-19.86,-17.34,31.91,18,76.04,-78.39,user_17,-15.51,-21.92,-37.73,1.0360196966985313e-07
24,greedy_exploration,5,-19.86,-17.34,31.91,18,76.04,-78.39,user_18,-26.37,-18.24,-38.03,1.0377854664511688e-07
24,greedy_exploration,6,-9.5,-29.31,34.54,18,84.55,-79.86,user_1,55.36,47.03,-61.76,3.5184694979761844e-07
24,greedy_exploration,6,-9.5,-29.31,34.54,18,84.55,-79.86,user_2,55.73,40.29,-61.49,3.367305225765449e-07
24,greedy_exploration,6,-9.5,-29.31,34.54,18,84.55,-79.86,user_3,52.32,47.95,-61.66,3.4797082548720937e-07
24,greedy_exploration,6,-9.5,-29.31,34.54,18,84.55,-79.86,user_4,53.45,45.09,-61.56,3.4325839237681066e-07
24,greedy_exploration,6,-9.5,-29.31,34.54,18,84.55,-79.86,user_5,51.88,47.32,-61.6,3.455457147083507e-07
24,greedy_exploration,6,-9.5,-29.31,34.54,18,84.55,-79.86,user_6,45.5,52.31,-61.76,3.463042048679199e-07
24,greedy_exploration,6,-9.5,-29.31,34.54,18,84.55,-79.86,user_7,-1.94,41.49,-54.14,2.618304790757975e-07
24,greedy_exploration,6,-9.5,-29.31,34.54,18,84.55,-79.86,user_8,-25.05,41.59,-47.17,2.660213738181483e-07
24,greedy_exploration,6,-9.5,-29.31,34.54,18,84.55,-79.86,user_9,-13.27,39.88,-53.86,2.5606581743886636e-07
24,greedy_exploration,6,-9.5,-29.31,34.54,18,84.55,-79.86,user_10,-7.94,47.07,-54.58,2.77640339163554e-07
24,greedy_exploration,6,-9.5,-29.31,34.54,18,84.55,-79.86,user_11,-6.41,51.07,-54.98,2.9006909585405083e-07
24,greedy_exploration,6,-9.5,-29.31,34.54,18,84.55,-79.86,user_12,-16.03,47.71,-53.67,2.8039951871505764e-07
24,greedy_exploration,6,-9.5,-29.31,34.54,18,84.55,-79.86,user_13,-14.6,-22.17,-38.29,1.1402971722418442e-07
24,greedy_exploration,6,-9.5,-29.31,34.54,18,84.55,-79.86,user_14,-21.45,-24.17,-41.53,1.1844408476235913e-07
24,greedy_exploration,6,-9.5,-29.31,34.54,18,84.55,-79.86,user_15,-26.6,-26.73,-41.16,1.243933809291775e-07
24,greedy_exploration,6,-9.5,-29.31,34.54,18,84.55,-79.86,user_16,-17.48,-14.24,-44.27,1.2402246341025602e-07
24,greedy_exploration,6,-9.5,-29.31,34.54,18,84.55,-79.86,user_17,-15.51,-21.92,-45.0,1.146982171462696e-07
24,greedy_exploration,6,-9.5,-29.31,34.54,18,84.55,-79.86,user_18,-26.37,-18.24,-42.01,1.2913642422063276e-07
24,greedy_exploration,7,-21.74,-23.02,32.51,18,76.27,-78.71,user_1,55.36,47.03,-200.0,
24,greedy_exploration,7,-21.74,-23.02,32.51,18,76.27,-78.71,user_2,55.73,40.29,-200.0,
24,greedy_exploration,7,-21.74,-23.02,32.51,18,76.27,-78.71,user_3,52.32,47.95,-200.0,
24,greedy_exploration,7,-21.74,-23.02,32.51,18,76.27,-78.71,user_4,53.45,45.09,-200.0,
24,greedy_exploration,7,-21.74,-23.02,32.51,18,76.27,-78.71,user_5,51.88,47.32,-200.0,
24,greedy_exploration,7,-21.74,-23.02,32.51,18,76.27,-78.71,user_6,45.5,52.31,-200.0,
24,greedy_exploration,7,-21.74,-23.02,32.51,18,76.27,-78.71,user_7,-1.94,41.49,-52.93,2.4771935613898677e-07
24,greedy_exploration,7,-21.74,-23.02,32.51,18,76.27,-78.71,user_8,-25.05,41.59,-43.23,2.3930817860673415e-07
24,greedy_exploration,7,-21.74,-23.02,32.51,18,76.27,-78.71,user_9,-13.27,39.88,-68.87,2.3562404294352746e-07
24,greedy_exploration,7,-21.74,-23.02,32.51,18,76.27,-78.71,user_10,-7.94,47.07,-66.74,2.5976629558499553e-07
24,greedy_exploration,7,-21.74,-23.02,32.51,18,76.27,-78.71,user_11,-6.41,51.07,-50.94,2.727476839936571e-07
24,greedy_exploration,7,-21.74,-23.02,32.51,18,76.27,-78.71,user_12,-16.03,47.71,-45.62,2.583120988219889e-07
24,greedy_exploration,7,-21.74,-23.02,32.51,18,76.27,-78.71,user_13,-14.6,-22.17,-41.73,1.0618252588301402e-07
24,greedy_exploration,7,-21.74,-23.02,32.51,18,76.27,-78.71,user_14,-21.45,-24.17,-37.72,1.0351384105433681e-07
24,greedy_exploration,7,-21.74,-23.02,32.51,18,76.27,-78.71,user_15,-26.6,-26.73,-38.24,1.0542966322191205e-07
24,greedy_exploration,7,-21.74,-23.02,32.51,18,76.27,-78.71,user_16,-17.48,-14.24,-38.0,1.0843941566918147e-07
24,greedy_exploration,7,-21.74,-23.02,32.51,18,76.27,-78.71,user_17,-15.51,-21.92,-36.88,1.0556883722756538e-07
24,greedy_exploration,7,-21.74,-23.02,32.51,18,76.27,-78.71,user_18,-26.37,-18.24,-38.24,1.0579321951809106e-07
25,toward_cluster,0,5.67,45.14,33.35,12,59.43,-79.71,user_1,10.48,28.87,-39.4,1.2037327223879402e-07
25,toward_cluster,0,5.67,45.14,33.35,12,59.43,-79.71,user_2,19.67,45.47,-38.34,1.1605592220576e-07
25,toward_cluster,0,5.67,45.14,33.35,12,59.43,-79.71,user_3,6.74,43.93,-38.34,1.0637668168556047e-07
25,toward_cluster,0,5.67,45.14,33.35,12,59.43,-79.71,user_4,12.07,43.23,-38.36,1.085509211407043e-07
25,toward_cluster,0,5.67,45.14,33.35,12,59.43,-79.71,user_5,13.71,33.76,-40.73,1.1596179660955386e-07
25,toward_cluster,0,5.67,45.14,33.35,12,59.43,-79.71,user_6,25.2,27.27,-47.87,1.381446850245993e-07
25,toward_cluster,0,5.67,45.14,33.35,12,59.43,-79.71,user_7,22.39,55.22,-38.98,1.2461140386221814e-07
25,toward_cluster,0,5.67,45.14,33.35,12,59.43,-79.71,user_8,31.97,59.74,-40.14,1.4613276277941623e-07
25,toward_cluster,0,5.67,45.14,33.35,12,59.43,-79.71,user_9,18.28,57.31,-38.84,1.2126068327233952e-07
25,toward_cluster,0,5.67,45.14,33.35,12,59.43,-79.71,user_10,31.37,49.94,-39.32,1.3744914895141847e-07
25,toward_cluster,0,5.67,45.14,33.35,12,59.43,-79.71,user_11,23.57,55.37,-39.07,1.265560456431558e-07
25,toward_cluster,0,5.67,45.14,33.35,12,59.43,-79.71,user_12,34.74,56.08,-40.09,1.4839557138657256e-07
25,toward_cluster,1,11.74,45.62,33.35,12,62.83,-79.72,user_1,10.48,28.87,-39.65,1.2010958982955344e-07
25,toward_cluster,1,11.74,45.62,33.35,12,62.83,-79.72,user_2,19.67,45.47,-38.3,1.0948474482574966e-07
25,toward_cluster,1,11.74,45.62,33.35,12,62.83,-79.72,user_3,6.74,43.93,-38.32,1.0768894753709901e-07
25,toward_cluster,1,11.74,45.62,33.35,12,62.83,-79.72,user_4,12.07,43.23,-38.36,1.0654454030145644e-07
25,toward_cluster,1,11.74,45.62,33.35,12,62.83,-79.72,user_5,13.71,33.76,-39.42,1.1355704288007473e-07
25,toward_cluster,1,11.74,45.62,33.35,12,62.83,-79.72,user_6,25.2,27.27,-39.78,1.3057304215635668e-07
25,toward_cluster,1,11.74,45.62,33.35,12,62.83,-79.72,user_7,22.39,55.22,-38.59,1.1650914899519194e-07
25,toward_cluster,1,11.74,45.62,33.35,12,62.83,-79.72,user_8,31.97,59.74,-40.72,1.3438327073345135e-07
25,toward_cluster,1,11.74,45.62,33.35,12,62.83,-79.72,user_9,18.28,57.31,-38.57,1.1525352761054819e-07
25,toward_cluster,1,11.74,45.62,33.35,12,62.83,-79.72,user_10,31.37,49.94,-40.08,1.2562671258820046e-07
25,toward_cluster,1,11.74,45.62,33.35,12,62.83,-79.72,user_11,23.57,55.37,-38.67,1.1790600495942272e-07
25,toward_cluster,1,11.74,45.62,33.35,12,62.83,-79.72,user_12,34.74,56.08,-40.81,1.3561069067691278e-07
25,toward_cluster,2,15.38,45.91,33.35,12,65.51,-78.91,user_1,10.48,28.87,-40.54,1.2159287621216208e-07
25,toward_cluster,2,15.38,45.91,33.35,12,65.51,-78.91,user_2,19.67,45.47,-38.54,1.0720959409127317e-07
25,toward_cluster,2,15.38,45.91,33.35,12,65.51,-78.91,user_3,6.74,43.93,-38.29,1.1027773894056736e-07
25,toward_cluster,2,15.38,45.91,33.35,12,65.51,-78.91,user_4,12.07,43.23,-38.37,1.0718576248791578e-07
25,toward_cluster,2,15.38,45.91,33.35,12,65.51,-78.91,user_5,13.71,33.76,-39.39,1.1384429399186047e-07
25,toward_cluster,2,15.38,45.91,33.35,12,65.51,-78.91,user_6,25.2,27.27,-39.62,1.273806304880054e-07
25,toward_cluster,2,15.38,45.91,33.35,12,65.51,-78.91,user_7,22.39,55.22,-39.07,1.1312882008951419e-07
25,toward_cluster,2,15.38,45.91,33.35,12,65.51,-78.91,user_8,31.97,59.74,-40.29,1.2836451901421242e-07
25,toward_cluster,2,15.38,45.91,33.35,12,65.51,-78.91,user_9,18.28,57.31,-39.08,1.1325433746378621e-07
25,toward_cluster,2,15.38,45.91,33.35,12,65.51,-78.91,user_10,31.37,49.94,-39.61,1.196348478060827e-07
25,toward_cluster,2,15.38,45.91,33.35,12,65.51,-78.91,user_11,23.57,55.37,-39.15,1.1414473277682191e-07
25,toward_cluster,2,15.38,45.91,33.35,12,65.51,-78.91,user_12,34.74,56.08,-40.33,1.288723865400243e-07
25,toward_cluster,3,17.57,46.09,33.35,12,65.08,-78.9,user_1,10.48,28.87,-41.59,1.2306746555168502e-07
25,toward_cluster,3,17.57,46.09,33.35,12,65.08,-78.9,user_2,19.67,45.47,-38.47,1.0649091564118862e-07
25,toward_cluster,3,17.57,46.09,33.35,12,65.08,-78.9,user_3,6.74,43.93,-38.33,1.1244508613117432e-07
25,toward_cluster,3,17.57,46.09,33.35,12,65.08,-78.9,user_4,12.07,43.23,-38.42,1.0823381302316193e-07
25,toward_cluster,3,17.57,46.09,33.35,12,65.08,-78.9,user_5,13.71,33.76,-40.48,1.1464859284160411e-07
25,toward_cluster,3,17.57,46.09,33.35,12,65.08,-78.9,user_6,25.2,27.27,-39.42,1.2599858223438787e-07
25,toward_cluster,3,17.57,46.09,33.35,12,65.08,-78.9,user_7,22.39,55.22,-38.94,1.1168230429348114e-07
25,toward_cluster,3,17.57,46.09,33.35,12,65.08,-78.9,user_8,31.97,59.74,-40.05,1.2516899516867852e-07
25,toward_cluster,3,17.57,46.09,33.35,12,65.08,-78.9,user_9,18.28,57.31,-39.02,1.1266444488455818e-07
25,toward_cluster,3,17.57,46.09,33.35,12,65.08,-78.9,user_10,31.37,49.94,-39.35,1.1649388653722781e-07
25,toward_cluster,3,17.57,46.09,33.35,12,65.08,-78.9,user_11,23.57,55.37,-39.01,1.1245319342378934e-07
25,toward_cluster,3,17.57,46.09,33.35,12,65.08,-78.9,user_12,34.74,56.08,-40.05,1.2521017822564318e-07
25,toward_cluster,4,18.88,46.19,33.35,12,64.61,-78.85,user_1,10.48,28.87,-42.0,1.2413624972396065e-07
25,toward_cluster,4,18.88,46.19,33.35,12,64.61,-78.85,user_2,19.67,45.47,-38.45,1.0629996438638045e-07
25,toward_cluster,4,18.88,46.19,33.35,12,64.61,-78.85,user_3,6.74,43.93,-38.33,1.1394568133482608e-07
25,toward_cluster,4,18.88,46.19,33.35,12,64.61,-78.85,user_4,12.07,43.23,-38.4,1.0908922831731616e-07
25,toward_cluster,4,18.88,46.19,33.35,12,64.61,-78.85,user_5,13.71,33.76,-40.99,1.1534066857166181e-07
25,toward_cluster,4,18.88,46.19,33.35,12,64.61,-78.85,user_6,25.2,27.27,-39.34,1.253566921377569e-07
25,toward_cluster,4,18.88,46.19,33.35,12,64.61,-78.85,user_7,22.39,55.22,-38.88,1.1104645381010414e-07
25,toward_cluster,4,18.88,46.19,33.35,12,64.61,-78.85,user_8,31.97,59.74,-39.91,1.2343552668880875e-07
25,toward_cluster,4,18.88,46.19,33.35,12,64.61,-78.85,user_9,18.28,57.31,-39.01,1.1254695664320025e-07
25,toward_cluster,4,18.88,46.19,33.35,12,64.61,-78.85,user_10,31.37,49.94,-39.21,1.148005779327832e-07
25,toward_cluster,4,18.88,46.19,33.35,12,64.61,-78.85,user_11,23.57,55.37,-38.94,1.116663241873539e-07
25,toward_cluster,4,18.88,46.19,33.35,12,64.61,-78.85,user_12,34.74,56.08,-39.89,1.2318292874624603e-07
25,toward_cluster,5,19.67,46.25,33.35,12,64.42,-78.93,user_1,10.48,28.87,-42.26,1.2485025990827125e-07
25,toward_cluster,5,19.67,46.25,33.35,12,64.42,-78.93,user_2,19.67,45.47,-38.45,1.0627201163515565e-07
25,toward_cluster,5,19.67,46.25,33.35,12,64.42,-78.93,user_3,6.74,43.93,-38.33,1.1492188889405952e-07
25,toward_cluster,5,19.67,46.25,33.35,12,64.42,-78.93,user_4,12.07,43.23,-38.39,1.0968644659214988e-07
25,toward_cluster,5,19.67,46.25,33.35,12,64.42,-78.93,user_5,13.71,33.76,-41.33,1.1583582448793095e-07
25,toward_cluster,5,19.67,46.25,33.35,12,64.42,-78.93,user_6,25.2,27.27,-39.28,1.2504176538641332e-07
25,toward_cluster,5,19.67,46.25,33.35,12,64.42,-78.93,user_7,22.39,55.22,-38.86,1.1074538264210787e-07
25,toward_cluster,5,19.67,46.25,33.35,12,64.42,-78.93,user_8,31.97,59.74,-39.84,1.2245448033354478e-07
25,toward_cluster,5,19.67,46.25,33.35,12,64.42,-78.93,user_9,18.28,57.31,-39.02,1.125588795503063e-07
25,toward_cluster,5,19.67,46.25,33.35,12,64.42,-78.93,user_10,31.37,49.94,-39.13,1.1384892673049762e-07
25,toward_cluster,5,19.67,46.25,33.35,12,64.42,-78.93,user_11,23.57,55.37,-38.9,1.1127283272571731e-07
25,toward_cluster,5,19.67,46.25,33.35,12,64.42,-78.93,user_12,34.74,56.08,-39.8,1.220204666196878e-07
25,toward_cluster,6,20.14,46.29,33.35,12,64.73,-78.98,user_1,10.48,28.87,-42.42,1.2530622939266323e-07
25,toward_cluster,6,20.14,46.29,33.35,12,64.73,-78.98,user_2,19.67,45.47,-38.45,1.062869188217519e-07
25,toward_cluster,6,20.14,46.29,33.35,12,64.73,-78.98,user_3,6.74,43.93,-38.34,1.155284152787317e-07
25,toward_cluster,6,20.14,46.29,33.35,12,64.73,-78.98,user_4,12.07,43.23,-38.38,1.1007164602006014e-07
25,toward_cluster,6,20.14,46.29,33.35,12,64.73,-78.98,user_5,13.71,33.76,-41.55,1.1616310047202205e-07
25,toward_cluster,6,20.14,46.29,33.35,12,64.73,-78.98,user_6,25.2,27.27,-39.25,1.2488784761899296e-07
25,toward_cluster,6,20.14,46.29,33.35,12,64.73,-78.98,user_7,22.39,55.22,-38.84,1.1059196225460255e-07
25,toward_cluster,6,20.14,46.29,33.35,12,64.73,-78.98,user_8,31.97,59.74,-39.79,1.2188897358100803e-07
25,toward_cluster,6,20.14,46.29,33.35,12,64.73,-78.98,user_9,18.28,57.31,-39.02,1.1259071897029571e-07
25,toward_cluster,6,20.14,46.29,33.35,12,64.73,-78.98,user_10,31.37,49.94,-39.08,1.1330666183084759e-07
25,toward_cluster,6,20.14,46.29,33.35,12,64.73,-78.98,user_11,23.57,55.37,-38.88,1.1106399711025006e-07
25,toward_cluster,6,20.14,46.29,33.35,12,64.73,-78.98,user_12,34.74,56.08,-39.75,1.213470426364438e-07
25,toward_cluster,7,19.4,47.06,33.35,12,65.08,-78.98,user_1,10.48,28.87,-42.21,1.2591171127951384e-07
25,toward_cluster,7,19.4,47.06,33.35,12,65.08,-78.98,user_2,19.67,45.47,-38.46,1.0637626957077373e-07
25,toward_cluster,7,19.4,47.06,33.35,12,65.08,-78.98,user_3,6.74,43.93,-38.36,1.148010468909888e-07
25,toward_cluster,7,19.4,47.06,33.35,12,65.08,-78.98,user_4,12.07,43.23,-38.39,1.0976338415957798e-07
25,toward_cluster,7,19.4,47.06,33.35,12,65.08,-78.98,user_5,13.71,33.76,-41.17,1.1668493016259163e-07
25,toward_cluster,7,19.4,47.06,33.35,12,65.08,-78.98,user_6,25.2,27.27,-39.4,1.2656578007863573e-07
25,toward_cluster,7,19.4,47.06,33.35,12,65.08,-78.98,user_7,22.39,55.22,-38.8,1.1012405565224981e-07
25,toward_cluster,7,19.4,47.06,33.35,12,65.08,-78.98,user_8,31.97,59.74,-39.78,1.2179474140339153e-07
25,toward_cluster,7,19.4,47.06,33.35,12,65.08,-78.98,user_9,18.28,57.31,-38.94,1.1166873292722812e-07
25,toward_cluster,7,19.4,47.06,33.35,12,65.08,-78.98,user_10,31.37,49.94,-39.13,1.1390115872700335e-07
25,toward_cluster,7,19.4,47.06,33.35,12,65.08,-78.98,user_11,23.57,55.37,-38.85,1.1067429994682243e-07
25,toward_cluster,7,19.4,47.06,33.35,12,65.08,-78.98,user_12,34.74,56.08,-39.78,1.2169826391073002e-07
